codigo_de_barra,medicamento_nome
506,budesonida 32 mcg/dose
507,budesonida 32 mcg/dose
508,budesonida 64 mcg/dose
509,budesonida 64 mcg/dose
1569,imunoglobulina humana antitetanica 250 ui/ml
1910,metronidazol (benzoilmetronidazol) 40 mg/ml
1241,fenitoina sodica 50 mg/ml
815,cloreto de potassio 19
991,diazepam 5 mg/ml
1062,dipirona sodica 500 mg/ml
612,cefalexina 500 mg
1498,hidroxido de aluminio 300 mg
3177,metoclopramida
2057,nistatina 100.000 ui/ml
2449,rifamicina sv sodica 10 mg/ml
2059,nistatina 100.000 ui/ml
2060,nistatina 100.000 ui/ml
3012,bupropiona
2957,nebivolol 5 mg
1063,dipirona sodica 500 mg/ml
874,colagenase 0
781,clomipramina
1424,glicose 50 %
1425,glicose 10 %
1426,glicose 10 %
1427,glicose 10 %
1428,glicose 10 %
2891,verapamil
819,cloreto de sodio 20 %
359,beclometasona
360,beclometasona
361,beclometasona
363,beclometasona
364,beclometasona
366,beclometasona
877,colagenase + cloranfenicol 0
325,atorvastatina calcica 20 mg
1457,haloperidol 2 mg/ml
959,dexametasona 0
1552,imiglucerase 200 ui
1562,imunoglobulina humana 5 g
2387,propranolol
976,dexclorfeniramina
977,dexclorfeniramina
1159,escopolamina
2507,salbutamol
2852,valsartana + anlodipino
2117,olmesartana + hidroclorotiazida 40 + 25 mg
601,carvedilol 6
978,dexclorfeniramina
2890,verapamil
992,diazepam 5 mg
3196,mometasona
1020,digoxina 0
9,aceclofenaco 100 mg
718,ciprofloxacino
152,albendazol 40 mg/ml
68,acido fusidico + betametasona 20 mg + 1 mg/g
1363,furosemida 10 mg/ml
2122,omeprazol 10 mg
2042,nifedipino 10 mg
2565,sinvastatina 10 mg
2307,piridoxina
2211,paracetamol 200 mg/ml
2213,paracetamol 200 mg/ml
845,clorpromazina
248,amoxicilina 50 mg/ml
2354,prednisolona 3 mg/ml
2356,prednisolona 3 mg/ml
2357,prednisolona 1 mg/ml
2358,prednisolona 1 mg/ml
2577,solifenacina
1658,lamotrigina 100 mg
2261,permetrina 10 mg/ml
2359,prednisolona 1 mg/ml
2311,pirimetamina 25 mg
2562,simeticona 75 mg/ml
1944,minociclina
330,atropina
437,bicarbonato de sodio 8
2262,permetrina 10 mg/ml
438,bicarbonato de sodio 8
439,bicarbonato de sodio 8
820,cloreto de sodio 0
821,cloreto de sodio 0
822,cloreto de sodio 0
1170,espironolactona 100 mg
1019,digoxina 0
2933,nifedipino 10 mg
824,cloreto de sodio 0
963,dexametasona 0
1132,epinefrina 1 mg/ml
585,carmelose sodica 5 mg/ml
1916,miconazol
1917,miconazol
64,acido folinico (folinato de calcio) 15 mg
2927,zolpidem
2079,noretisterona 0
2616,sulfadiazina de prata 1 %
1789,losartana potassica + hidroclorotiazida 50 mg + 12
657,cetoprofeno 50 mg/ml
1086,doxazosina
1291,fluconazol 100 mg
236,amiodarona
2098,ofloxacino 400 mg
2815,ureia 100 mg/g
2508,salbutamol
1,abacavir 300 mg
2,abacavir 20 mg/ml
1723,levotiroxina sodica 25 mcg
2928,zolpidem
199,alopurinol 300 mg
2214,paracetamol 500 mg
1417,gliclazida 60 mg
531,cabergolina 0
763,clindamicina
1611,ipratropio
1612,ipratropio
1107,efavirenz 200 mg
1656,lamivudina 150 mg
2032,nevirapina 200 mg
2471,ritonavir 80 mg/ml
2921,zidovudina 100 mg
2922,zidovudina 10 mg/ml
705,cimetidina 200 mg
27,aciclovir 250 mg
28,aciclovir 5 %
218,amicacina
219,amicacina
2504,sais para reidratacao oral (nacl 3
272,anfotericina b lipossomal
273,anfotericina b 50 mg
622,cefotaxima 500 mg
752,claritromicina 500 mg
294,aripiprazol 10 mg
1072,dobutamina
1468,heparina sodica 5000/0
1299,flumazenil 0
2509,salbutamol
3056,desmopressina
1108,efavirenz 30 mg/ml
1109,efavirenz 600 mg
2033,nevirapina 10 mg/ml
3207,nevirapina 10 mg/ml
962,dexametasona 0
315,sulfato de atazanavir 200 mg
2682,tenofovir 300 mg
2696,terizidona 250 mg
2472,ritonavir 100 mg
2526,saquinavir
388,benznidazol 100 mg
2352,praziquantel 600 mg
2592,somatropina 12 ui
2935,levonorgestrel 0
1083,dopamina
2642,sulpirida 50 mg
1243,fenitoina sodica 20 mg/ml
1712,levomepromazina
521,bupivacaina
522,bupivacaina
523,bupivacaina
1409,glicerol 120 mg/ml
614,cefalexina 50 mg/ml
1651,lactase 9000 fcc
1920,miconazol
1410,glicerol 120 mg/ml
1411,glicerol 120 mg/ml
2368,prilocaina + felipressina 3 % + 0
1733,lidocaina
1734,lidocaina
1735,lidocaina
3209,nifedipino 30 mg
1918,miconazol
1736,lidocaina
1737,lidocaina
1738,lidocaina
1740,lidocaina
1741,lidocaina
1751,lidocaina
1746,lidocaina
1747,lidocaina
158,alcool etilico 70 %
159,alcool etilico 70 %
160,alcool etilico 70 %
161,alcool etilico 70
162,alcool etilico 70 %
757,claritromicina 250 mg
759,claritromicina 50 mg/ml
760,claritromicina 50 mg/ml
1145,eritromicina
1146,eritromicina
1147,eritromicina
1148,eritromicina
1149,eritromicina
1529,hipromelose 5 mg/ml
1429,glicose 5 %
1430,glicose 5 %
1431,glicose 5 %
1432,glicose 5 %
1698,levodopa + benserazida 200 + 50 mg
1700,levodopa + benserazida 100 + 25 mg
1701,levodopa + carbidopa 200 + 50 mg
450,biperideno
449,biperideno
387,benzilpenicilina procaina + benzilpenicilina potassica 400.000 ui
385,benzilpenicilina potassica 1.000.000 ui
386,benzilpenicilina potassica 5.000.000 ui
150,albendazol 400 mg
1777,loratadina 1 mg/ml
649,cetoconazol 2 %
1293,fluconazol 2 mg/ml
3100,fluconazol 2 mg/ml
1594,insulina humana regular 100 ui/ml
2251,pentoxifilina 400 mg
2278,pilocarpina
2279,pilocarpina
1742,lidocaina
1824,medroxiprogesterona
1925,midazolam
2085,nortriptilina
2087,nortriptilina
2130,ondansetrona
1316,fluoxetina
1868,metildopa 250 mg
735,citalopram 20 mg
8,acebrofilina 10 mg/ml
247,amoxicilina 500 mg
1483,hidroclorotiazida 50 mg
3095,fenazopiridina
238,amiodarona
2614,sulfadiazina de prata 1 %
2924,zidovudina + lamivudina 300 mg + 150 mg
2405,quinina
2012,naloxona
2308,piridoxina
2713,tiamina
2392,protamina
2380,propafenona
559,carbamazepina 20 mg/ml
1730,levotiroxina sodica 88 mcg
1016,dietilcarbamazina
2436,retinol
1416,gliclazida 30 mg
2724,timolol
1828,meglumina
842,cloroquina
1201,etionamida 250 mg
2301,pirazinamida 500 mg
2369,primaquina difosfato 5 mg
2370,primaquina difosfato 15 mg
2450,rifampicina 300 mg
326,atorvastatina calcica 40 mg
1242,fenitoina sodica 100 mg
2659,talidomida 100 mg
1257,fenoximetilpenicilina potassica 80.000 ui/ml
1415,gliclazida 80 mg
1859,metformina
1632,isossorbida
1759,linezolida 600 mg
1760,linezolida 2 mg/ml
1629,isossorbida
2620,sulfadiazina de prata 1 %
1778,loratadina 1 mg/ml
1779,loratadina 1 mg/ml
2383,propiltiouracila 100 mg
2664,teclozana 10 mg/ml
2665,teclozana 500 mg
2341,pralidoxima
2237,pasta d'agua
2238,pasta d'agua
2239,pasta d'agua
2240,pasta d'agua
2241,pasta d'agua
1748,lidocaina
1655,lactulose 667 mg/ml
2363,prednisolona 11 mg/ml
2861,valsartana + hidroclorotiazida + anlodipino 160 + 25 + 5 mg
25,aciclovir 400 mg
10,acetato de sodio 2 meq/ml
139,agua destilada
142,agua destilada
143,agua destilada
147,agua destilada
13,acetazolamida 250 mg
2723,timolol
2212,paracetamol 200 mg/ml
482,bromoprida 10 mg
2833,vacina humana
2823,vacina bcg
59,acido folico 0
2874,varfarina sodica 1 mg
573,carbonato de calcio + colecalciferol 500 mg + 400 ui
2035,nicotina 2 mg
1461,haloperidol
1175,estavudina 1 mg/ml
2147,oxamniquina 50 mg/ml
1393,gentamicina
1188,estreptomicina
1722,levotiroxina sodica 50 mcg
957,desvenlafaxina
2451,rifampicina 20 mg/ml
1825,medroxiprogesterona
765,clindamicina
766,clindamicina
255,amoxicilina + clavulanato de potassio 50 mg + 12
630,ceftriaxona sodica 250 mg
631,ceftriaxona sodica 250 mg
3130,ibuprofeno 200 mg
2946,levonorgestrel 1
3120,hialuronato de sodio 0
979,dexclorfeniramina
1625,isoniazida 100 mg
777,clofazimina 50 mg
778,clofazimina 100 mg
1014,didanosina 4 g
1195,etambutol
1248,fenobarbital 100 mg/ml
2303,pirazinamida 30 mg/ml
2457,ringer lactato sodico
2458,ringer lactato sodico
3276,ringer lactato sodico
2513,salmeterol
2037,nicotina 2 mg
635,cefuroxima 500 mg
2072,nitrofurantoina 5 mg/ml
2078,norepinefrina 2 mg/ml
222,amilorida
1064,dipirona sodica 50 mg/ml
1169,espironolactona 25 mg
762,clindamicina
2404,quinina
2137,oseltamivir
167,alendronato de sodio 10 mg
1224,fator viii
1223,fator ix
2250,pentamidina
1286,finasterida 5 mg
2745,tipranavir 250 mg
1354,fosfato de potassio
2639,sulfato ferroso (5 mg/ml de ferro elementar) 25 mg/ml
210,amantadina 100 mg
1456,haloperidol 1 mg
133,adalimumabe 40 mg
2259,permanganato de potassio 100 mg
2824,vacina febre amarela (atenuada)
2840,vacina sarampo
2822,vacina adsorvida difteria
2837,vacina poliomielite 1
2839,vacina rotavirus humano g1p1[8] (atenuada)
2834,vacina meningococica c (conjugada)
626,ceftriaxona sodica 1 g
2260,permanganato de potassio 100 mg
2777,tratamento multibacilar adulto
2778,tratamento multibacilar infantil
1168,espiramicina (1
2779,tratamento paucibacilar infantil
2780,tratamento paucibacilar adulto
308,artesunato de sodio 60 mg
1657,lamivudina 10 mg/ml
2437,retinol
2438,retinol
2631,sulfametoxazol + trimetoprima 80 mg/ml + 16 mg/ml
2638,sulfato ferroso (5 mg/ml de ferro elementar) 25 mg/ml
929,darunavir 300 mg
2180,palivizumabe 100 mg
796,cloranfenicol 250 mg
797,cloranfenicol 250 mg
805,cloranfenicol
2827,vacina hepatite b (recombinante)
1697,levocetirizina
1500,hidroxido de aluminio 61
985,dexpantenol 50 mg/g
343,azitromicina 40 mg/ml
846,clorpromazina
1501,hidroxido de aluminio 61
1502,hidroxido de aluminio 61
676,cianocobalamina 500 mcg/ml
1527,hipoclorito de sodio 2
2063,nitazoxanida 500 mg
1488,hidrocortisona
1490,hidrocortisona
958,dexametasona 1 mg/ml
2362,prednisolona 20 mg
1711,levofloxacino 250 mg
2628,sulfametoxazol + trimetoprima 40 + 8 mg/ml
368,beclometasona
369,beclometasona
2602,soro antitetanico
2601,soro anti-rabico
2596,soro antiaracnidico
2600,soro antiescorpionico
2599,soro antielapidico (bivalente) 1
2598,soro anticrotalico
2597,soro antibotropico
2838,vacina raiva (inativada)
1772,lopinavir + ritonavir 80 + 20 mg/ml
2479,rivastigmina
2065,nitrato de prata
627,ceftriaxona sodica 1 g
1774,lopinavir + ritonavir 200 + 50 mg
2835,vacina pneumococica 23-valente (polissacaridica)
2410,raltegravir 400 mg
1210,etravirina 100 mg
3191,misoprostol 25 mcg
3190,misoprostol 200 mcg
2841,vacina varicela (atenuada)
2829,vacina humana
3325,vacina humana
2826,vacina febre tifoide (polissacaridica) 0
316,sulfato de atazanavir 300 mg
1809,maraviroque 150 mg
1719,levonorgestrel + etinilestradiol 0
1484,hidroclorotiazida 12
2266,peroxido de benzoila 5 %
1610,ipratropio
2268,peroxido de benzoila 5 %
1489,hidrocortisona
827,cloreto de sodio 0
302,artesunato + mefloquina 25 + 55 mg
303,artesunato + mefloquina 25 + 55 mg
304,artesunato + mefloquina 25 + 55 mg
305,artesunato + mefloquina 100 + 220 mg
306,artesunato + mefloquina 100 + 220 mg
307,artesunato + mefloquina 100 + 220 mg
1394,gentamicina
550,capreomicina 1 g
1530,hipromelose 3 mg/ml
1531,hipromelose 3 mg/ml
1532,hipromelose 3 mg/ml
2968,acido para-aminosalicilico 4 g
1193,estrogenios conjugados 0
1892,metoprolol
2264,permetrina 50 mg/ml
615,cefalexina 50 mg/ml
2039,nicotina 7 mg
2040,nicotina 14 mg
2041,nicotina 21 mg
2920,zanamivir 5 mg
2139,oseltamivir
2140,oseltamivir
1775,lopinavir + ritonavir 100 + 25 mg
2448,rifabutina 150 mg
2269,peroxido de benzoila 2
2270,peroxido de benzoila 2
2381,propafenona
1353,fosfato de calcio tribasico + colecalciferol 600 mg + 400 ui
2746,tipranavir 100 mg/ml
1352,fosamprenavir calcico 50 mg/ml
1225,fator viii recombinante
1226,fator viii recombinante
1227,fator viii recombinante
2828,vacina humana
1464,harpagophytum procubens (garra do diabo) 400 mg
1491,hidrocortisona
930,darunavir 75 mg
3054,darunavir 600 mg
931,darunavir 150 mg
1896,metoprolol
3324,vacina humana
3290,soro
3291,soro
91,acido salicilico 5 %
913,cynara scolymus (alcachofra) 300 mg
2058,nistatina 100.000 ui/ml
1935,mikania glomerata (guaco) 0
1936,mikania glomerata (guaco) 0
2529,schinus terebenthifolius (aroeira) 0
2530,schinus terebenthifolius (aroeira) 0
594,carvao vegetal ativado
595,carvao vegetal ativado
596,carvao vegetal ativado
597,carvao vegetal ativado
598,carvao vegetal ativado
1937,mikania glomerata (guaco) 0
1938,mikania glomerata (guaco) 0
157,alcatrao mineral 1 %
2525,sapropterina
3323,vacina humana
1222,fanciclovir 125 mg
2318,plantago ovata (psyllium)
2319,plantago ovata (psyllium)
2320,plantago ovata (psyllium)
2321,plantago ovata (psyllium)
1811,maytenus ilicifolia (espinheira santa) 380 mg
1940,mikania glomerata (guaco) 0
1749,lidocaina
1750,lidocaina
915,cynara scolymus (alcachofra) 500 mg
2441,rhamnus purshiana (cascara sagrada) 150 mg
1465,harpagophytum procubens (garra do diabo) 500 mg
2456,ringer lactato sodico
1812,maytenus ilicifolia (espinheira santa) 12 mg/ml
1813,maytenus ilicifolia (espinheira santa) 500 mg
2442,rhamnus purshiana (cascara sagrada) 500 mg
2812,uncaria tomentosa (unha de gato) 50 mg/g
2813,uncaria tomentosa (unha de gato) 100 mg
2443,rhamnus purshiana (cascara sagrada) 75 mg
2317,plantago ovata (psyllium)
298,artemeter + lumefantrina 20 mg + 120 mg
299,artemeter + lumefantrina 20 mg + 120 mg
300,artemeter + lumefantrina 20 mg + 120 mg
301,artemeter + lumefantrina 20 + 120 mg
1449,glycine max (isoflavona de soja) 75 mg
389,benznidazol 12
3320,vacina humana
1941,mikania glomerata (guaco) 81
2323,podofilina 25 %
1466,harpagophytum procubens (garra do diabo) 200 mg
1908,metronidazol (benzoilmetronidazol) 40 mg/ml
2181,palivizumabe 50 mg
3108,fumarato de tenofovir desoproxila + lamivudina + efavirenz 300 mg + 300 mg + 600 mg
3128,hidroxocobalamina
3267,raltegravir 100 mg
3109,fumarato de tenofovir desoproxila + lamivudina 300 mg + 300 mg
1349,formoterol
2889,verapamil
2613,sulfadiazina 500 mg
2914,vitelinato de prata 10 %
3281,salbutamol
1911,micofenolato de mofetila 500 mg
2350,pravastatina sodica 20 mg
2420,ranitidina
2188,pancrelipase 20.000 ui
2189,pancrelipase 4.500 ui
2190,pancrelipase 12.000 ui
780,clomipramina
185,alfapeginterferona 2b 120 mcg
296,artemeter 80 mg/ml
812,cloreto de potassio 600 mg
38,acido acetilsalicilico 500 mg
173,alfaepoetina 1000 ui
497,budesonida
1887,metoclopramida
184,alfapeginterferona 2a
80,acido nalidixico
754,claritromicina
201,alprazolam
1523,hidroxocobalamina
1872,metilfenidato
2434,retinol + colecalciferol + tocoferol
1804,manitol
2941,misoprostol 25
586,carboximetilcelulose sodica
2923,zidovudina
2199,papaina
1540,ibandronato de sodio
2825,vacina febre tifoide (atenuada)
1933,mikania glomerata (guaco)
2203,papaina
1327,fluticasona
1939,mikania glomerata (guaco)
297,artemeter + lumefantrina
2178,paliperidona
2108,oleo mineral (vaselina liquida / petrolato)
2110,oleo mineral (vaselina liquida / petrolato)
496,budesonida 50 mcg/dose
498,budesonida 50 mcg/dose
2419,ranitidina
499,budesonida 50 mcg/dose
1956,mometasona
1957,mometasona
61,acido folico
428,betametasona
2564,sinvastatina 40 mg
1814,mebendazol 100 mg
23,acetilcisteina + tuaminoeptano
1128,0
319,atenolol 100 mg
12,acetazolamida 100 mg
1251,fenoterol
1252,fenoterol
1240,fenitoina sodica 25 mg/ml
1350,formoterol
174,alfaepoetina 2.000 ui
176,alfaepoetina 10.000 ui
493,budesonida 50 mcg/dose
494,budesonida 200 mcg
3076,empaglifozina 25 mg
501,budesonida 100 mcg/dose
502,budesonida 100 mcg/dose
504,budesonida 100 mcg/dose
505,budesonida 100 mcg/dose
2478,rivastigmina 2 mg/ml
179,
180,alfainterferona 2b 5.000.000 ui
181,alfainterferona 2b 10.000.000 ui
182,alfainterferona 2b 3.000.000 ui
2054,nistatina 25.000 ui/g
1563,imunoglobulina humana 2
1564,imunoglobulina humana 1 g
1565,imunoglobulina humana 3 g
1566,imunoglobulina humana 0
1560,imunoglobulina anti-rho (d) 300 mcg
2585,somatropina 12 ui
434,bezafibrato 200 mg
503,budesonida 100 mcg/dose
177,alfaepoetina 3.000 ui
1249,fenofibrato 200 mg
1330,fluvastatina 80 mg
1331,fluvastatina sodica 20 mg
1332,fluvastatina sodica 40 mg
1384,genfibrozila 900 mg
1460,haloperidol 5 mg/ml
1385,genfibrozila 600 mg
1386,genfibrozila 300 mg
260,ampicilina 50 mg/ml
2361,prednisolona 5 mg
813,cloreto de potassio 15 %
814,cloreto de potassio 10 %
816,cloreto de potassio 60 mg/ml
817,cloreto de potassio 60 mg/ml
2001,mupirocina 20 mg/g
1157,escopolamina
1158,escopolamina
1838,mentol + canfora + salicilato de metila + oleo de eucalipto 150 mg + 100 mg + 80 mg + 50 mg/g
974,dexametasona
1557,imipramina
1822,medroxiprogesterona
946,desferroxamina 500 mg
1355,fosfato de sodio monobasico + fosfato de sodio dibasico 16 + 6 %
1620,isoconazol
2700,tetraciclina
2687,teofilina 100 mg
2688,teofilina 200 mg
2704,tiabendazol 50 mg/g
2705,tiabendazol 50 mg/g
880,colchicina 0
2707,tiabendazol 50 mg/ml
2708,tiabendazol 50 mg/ml
2716,tianfenicol
186,alfapeginterferona 2b 80 mcg
187,alfapeginterferona 2b 100 mcg
233,aminofilina 100 mg
262,ampicilina 500 mg
857,cloxazolam 1 mg
553,captopril 50 mg
2258,perindopril + indapamida 4 + 1
1423,glicose 25 %
1027,diltiazem
1028,diltiazem
1029,diltiazem
1030,diltiazem
1031,diltiazem
1032,diltiazem
1033,diltiazem
362,beclometasona
365,beclometasona
552,captopril 12
2706,tiabendazol 50 mg/g
847,clorpropamida 250 mg
960,dexametasona 1 %
1021,digoxina 0
858,cloxazolam 2
1387,gentamicina
2044,nifedipino 10 mg
2045,nifedipino 20 mg
2422,ranitidina
2563,sinvastatina 80 mg
1455,haloperidol 5 mg
1556,imipramina
261,ampicilina 500 mg
2386,propranolol
2209,paracetamol 100 mg/ml
1368,gabapentina 400 mg
2480,rivastigmina
2481,rivastigmina
2482,rivastigmina
367,beclometasona
2781,travoprosta 0
2782,travoprosta 0
1792,lovastatina 10 mg
1253,fenoterol
2210,paracetamol 100 mg/ml
1847,mesalazina 800 mg
1793,lovastatina 20 mg
2536,selegilina
951,desmopressina
1797,magnesio
1798,magnesio
725,ciproterona
1572,indapamida 2
1890,metoprolol
1852,metadona
1853,metadona
1854,metadona
2651,tacrolimo 5 mg
1452,gosserrelina
2267,peroxido de benzoila 5 %
324,atorvastatina calcica 10 mg
1453,gosserrelina
1516,hidroxiureia 500 mg
1479,hidralazina
975,dexclorfeniramina
1669,leflunomida 100 mg
1481,hidralazina
1285,filgrastim 300 mcg
696,ciclosporina 100 mg
1713,levomepromazina
2568,sirolimo 1 mg/ml
2632,sulfassalazina 500 mg
2709,tiabendazol 500 mg
1321,flutamida 250 mg
1204,etofibrato 500 mg
1909,metronidazol (benzoilmetronidazol) 40 mg/ml
1408,glicerol 95 % adulto
5,acarbose 50 mg
263,ampicilina 1000 mg
618,cefalotina 1 g
825,cloreto de sodio 0
942,deltametrina 0
943,deltametrina 0
1052,dipiridamol 75 mg
1388,gentamicina
1389,gentamicina
1390,gentamicina
1869,metilergometrina
1870,metilergometrina
1606,iodeto de potassio 2 %
1815,mebendazol 20 mg/ml
1977,moxifloxacino
1607,iodeto de potassio 2 %
1960,monossulfiram 250 mg/ml
2067,nitrofural 2 mg/g
2068,nitrofural 2 mg/g
2091,ocitocina 5 ui/ml
2066,nitrazepam 5 mg
55,acido borico (água boricada) 2 %
56,acido borico (água boricada) 3 %
79,acido nalidixico 500 mg
1716,levomepromazina
51,acido ascorbico 200 mg/ml
640,celecoxibe 100 mg
2265,permetrina 50 mg/ml
1725,levotiroxina sodica 150 mcg
2372,progesterona 200 mg
81,acido nalidixico 50 mg/ml
2533,secnidazol 500 mg
2534,secnidazol 30 mg/ml
2506,salbutamol
267,amprenavir 150 mg
268,amprenavir 15 mg/ml
1173,estavudina 40 mg
1174,estavudina 30 mg
1574,indinavir
2022,nelfinavir
2023,nelfinavir
466,brimonidina
467,brimonidina
26,aciclovir 30 mg/g oftálmica
154,albumina humana 20 %
1407,glicerol 95 % infantil
2652,tacrolimo 1 mg
155,albumina humana 20 %
191,alfentanila 0
206,alprostadil 20 mcg/ml
220,amicacina
221,amicacina
264,ampicilina 500 mg
3213,no minimo 4 microorganismos
328,atracurio 10 mg/ml
329,atracurio 10 mg/ml
345,aztreonam 1 g
548,capecitabina 500 mg
549,capecitabina 150 mg
619,cefazolina 1 g
623,cefotaxima 1 g
625,ceftazidima 1 g
686,ciclofosfamida 50 mg
720,ciprofloxacino
755,claritromicina 500 mg
2649,suxametonio
865,codeina 30 mg/ml
1090,doxorrubicina
1125,enoxaparina sodica 100 mg
1123,enoxaparina sodica 60 mg
1124,enoxaparina sodica 80 mg
1375,ganciclovir sodico 250 mg
1462,halotano
1463,halotano
1623,isoflurano 100 mg/ml
1624,isoflurano 100 mg/ml
1692,levobupivacaina
1696,levobupivacaina
1915,miconazol
1308,fluoruracila 25 mg/ml
1309,fluoruracila 50 mg/ml
1926,midazolam
1927,midazolam
1922,midazolam
1923,midazolam
1924,midazolam
1843,meropenem 500 mg
1844,meropenem 1 g
1561,imunoglobulina anti-rho (d) 250 mcg
1757,lincomicina
1758,lincomicina
1087,doxazosina
1903,metronidazol 5 mg/ml
349,baclofeno 10 mg
2011,nalbufina
2129,ondansetrona
1294,fludarabina
2144,oxacilina sodica 500 mg
2473,rituximabe 10 mg/ml
2474,rituximabe 10 mg/ml
2487,rocuronio
2667,teicoplanina 400 mg
2668,teicoplanina 200 mg
1480,hidralazina
3300,tacrolimo 0
2685,tenoxicam 40 mg
2863,vancomicina 500 mg
2864,vancomicina 1 g
2898,vimblastina 10 mg
2103,olanzapina 2
2608,sufentanila
952,desmopressina
2183,pamidronato 60 mg
314,sulfato de atazanavir 150 mg
2683,tenoxicam 20 mg
864,codeina 60 mg
2768,tramadol
2934,fosinopril 10 mg
2721,ticlopidina
340,azitromicina 500 mg
873,colagenase 0
2499,saccharomyces boulardii - 17 100 mg
875,colagenase 1
876,colagenase 1
1189,estreptoquinase
2073,nitroglicerina 5 mg/ml
2074,nitroglicerina 5 mg/ml
2340,polimixina b
2423,remifentanila
2424,remifentanila
96,acido tricloroacetico 50 %
97,acido tricloroacetico 50 %
98,acido tricloroacetico 50 %
99,acido tricloroacetico 50 %
100,acido tricloroacetico 90 %
101,acido tricloroacetico 90 %
102,acido tricloroacetico 90 %
103,acido tricloroacetico 30 %
104,acido tricloroacetico 30 %
105,acido tricloroacetico 75 %
106,acido tricloroacetico 80 %
107,acido tricloroacetico 80 %
108,acido tricloroacetico 80 %
629,ceftriaxona sodica 500 mg
1364,furosemida 10 mg/ml
111,acido ursodesoxicolico 150 mg
2489,ropivacaina
2490,ropivacaina
2191,pancuronio
2882,vecuronio
2393,proximetacaina
2394,proximetacaina
520,bupivacaina
524,bupivacaina
2230,paroxetina
1042,dimeticona 125 mg
1043,dimeticona 40 mg
2274,picossulfato sodico 7
153,albendazol 200 mg
1412,glicerol 12 %
2292,piperazina 100 mg/ml
2353,praziquantel 150 mg
1391,gentamicina
1392,gentamicina
234,aminofilina 200 mg
2691,terbutalina 0
2692,terbutalina 0
477,bromexina
478,bromexina
479,bromexina
1754,lidocaina
109,acido tricloroacetico 80 %
1755,lidocaina
1745,lidocaina
1752,lidocaina
481,bromoprida 10 mg
2584,somatropina 4 ui
624,cefoxitina 1 g
1079,domperidona 1 mg/ml
1080,domperidona 1 mg/ml
1663,lansoprazol 15 mg
1198,etanercepte 50 mg
756,claritromicina 250 mg
758,claritromicina 25 mg/ml
1136,eritromicina
1137,eritromicina
1138,eritromicina
1139,eritromicina
1140,eritromicina
1141,eritromicina
1142,eritromicina
1143,eritromicina
1144,eritromicina
1418,gliconato de calcio 10 %
811,cloreto de benzalconio + cloreto de sodio 0
853,clotrimazol 10 mg/g
2126,omeprazol + amoxicilina + claritromicina 20 + 500 + 500 mg
2338,polimixina b + neomicina + hidrocortisona 10.000 + 5 + 10 ui + mg + mg/ml
1538,hipromelose + dextrana 70 3 mg + 1 mg/ml
1434,glicose + cloreto de sodio 5 + 0
1435,glicose + cloreto de sodio 5 + 0
519,bupivacaina + glicose 5 + 80 mg/ml
517,bupivacaina + epinefrina 0
642,cetamina
643,cetamina
2425,remifentanila
1205,etomidato 2 mg/ml
198,alopurinol 100 mg
480,bromocriptina
2360,prednisolona 1 %
2336,polimixina b + neomicina + fluocinolona + lidocaina 11000 u + 3
451,bisacodil 5 mg
2114,olmesartana + anlodipino 40 + 5 mg
968,dexametasona + neomicina + polimixina b 1 mg + 5 mg + 6.000 ui/g
1133,epirrubicina
1207,etoposido 100 mg
2901,vincristina
584,carboplatina 450 mg
2145,oxaliplatina 50 mg
2146,oxaliplatina 100 mg
1842,mercaptopurina 50 mg
1383,gencitabina 1 g
2762,topiramato 50 mg
919,dacarbazina 200 mg
1831,melfalana 2 mg
1549,ifosfamida 1 g
795,clorambucila 2 mg
2003,nafazolina + dexametasona
878,colagenase + cloranfenicol 0
2025,neomicina 5 mg/g
2541,sertralina
484,bromoprida 5 mg/ml
810,cloreto de benzalconio + cloreto de sodio 0
40,acido acetilsalicilico 325 mg
265,ampicilina + sulbactam 2 g + 1 g
266,ampicilina + sulbactam 1 g + 500 mg
1279,fexofenadina
15,acetilcisteina 20 mg/ml
2931,ibuprofeno 400 mg
17,acetilcisteina 20 mg/ml
418,betametasona
2125,omeprazol 40 mg
427,betametasona
1816,mebendazol + tiabendazol 100 mg + 166 mg/5 ml
1817,mebendazol + tiabendazol 100 mg + 166 mg
1818,mebendazol + tiabendazol 200 mg + 332 mg
1055,dipirona + isometepteno + cafeina 300 + 30 + 30 mg
1665,lansoprazol + claritromicina + amoxicilina 30 + 500 + 500 mg
2680,tenecteplase 40 mg
1621,isoconazol
1622,isoconazol
320,atenolol + nifedipino 50 + 20 mg
2936,etoricoxibe 60 mg
1254,fenoterol
2454,rifampicina 150 mg + isoniazida 75 mg + pirazinamida 400 mg + etambutol 275 mg 150 mg + 75 mg + 400 mg + 275 mg
321,atenolol + clortalidona 100 + 25 mg
323,atenolol + clortalidona 25 + 12
1278,fexofenadina + pseudoefedrina 60 + 120 mg
677,cianocobalamina + tiamina + piridoxina 5 + 100 + 100 mg
678,cianocobalamina + tiamina + piridoxina 5 mg + 100 mg + 100 mg
971,dexametasona + b1 + b6 + b12 4 + 100 + 100 + 5 mg
1177,estradiol 2 mg
1178,estradiol 1 mg
1179,estradiol 50 mcg
1180,estradiol 0
1120,noretisterona
284,anlodipino
285,anlodipino
647,cetoconazol 200 mg
1728,levotiroxina sodica 175 mcg
14,acetilcisteina 200 mg
286,anlodipino
1151,escina amorfa + escina polissulfonada sodica + salicilato de dietilamina 10 + 10 + 50 mg/g
1152,escina amorfa + escina polissulfonada sodica + salicilato de dietilamina 10 + 10 + 50 mg/g
581,carbonato de calcio (calcio elementar) 500 mg
2220,paracetamol + codeina
2217,paracetamol + carisoprodol + fenilbutazona 300 mg + 150 mg + 75 mg
1448,glycine max (isoflavona de soja) 150 mg
41,acido acetilsalicilico 100 mg tamponado
1280,fexofenadina
851,clorzoxazona + paracetamol 200 + 300 mg
840,clorfenamina + paracetamol + fenilefrina 4 + 400 + 4 mg
885,colestiramina 4 g
995,diclofenaco colestiramina 70 mg
237,amiodarona
660,cetoprofeno 200 mg
1003,diclofenaco sodico 75 mg/ml
1004,diclofenaco sodico 1 mg/ml
1000,diclofenaco resinato 15 mg/ml
331,atropina
332,atropina
440,bicarbonato de sodio
1510,hidroxido de aluminio + hidroxido de magnesio + dimeticona 40 + 30 + 5 mg/ml
2657,tadalafila 5 mg
2276,pidolato de magnesio 150 mg/ml
252,amoxicilina + clavulanato de potassio 500 mg + 100 mg
253,amoxicilina + clavulanato de potassio 1 g + 0
203,alprazolam 0
693,ciclosporina 25 mg
694,ciclosporina 10 mg
2071,nitrofurantoina 100 mg
1372,galantamina
1718,levonorgestrel + etinilestradiol 0
724,ciproterona + etinilestradiol 2 + 0
1298,flufenazina
2701,tetraciclina
1966,morfina
695,ciclosporina 50 mg
538,calcitriol 0
663,cetotifeno
664,cetotifeno
665,cetotifeno
666,cetotifeno
667,cetotifeno
457,bisoprolol
254,amoxicilina + clavulanato de potassio 500 mg + 125 mg
1542,ibuprofeno 20 mg/ml
1626,isoniazida + rifampicina 200 + 300 mg
1627,isoniazida + rifampicina 100 + 150 mg
1156,escopolamina
223,amilorida
1365,furosemida + amilorida 40 + 10 mg
2937,lisinopril 5 mg
1768,lisinopril + hidroclorotiazida 20 mg + 12
1118,enalapril
2286,pindolol + clopamida 10 mg + 5 mg
322,atenolol + clortalidona 50 + 12
339,azitromicina 1 g
1283,fibrinolisina + desoxirribonuclease + cloranfenicol
2277,pilocarpina
2280,pilocarpina
712,cinarizina 75 mg
784,clonazepam 2 mg
578,carbonato de calcio + lactogliconato de calcio 500 mg
579,carbonato de calcio + lactogliconato de calcio 1000 mg
1965,morfina
999,diclofenaco resinato 15 mg/ml
1967,morfina
1823,medroxiprogesterona
2753,tobramicina
1884,metilprednisolona
1885,metilprednisolona
1879,metilprednisolona
2086,nortriptilina
2090,nortriptilina
2169,oximetolona 50 mg
2802,trimetazidina 35 mg
1541,ibuprofeno 20 mg/ml
242,amitriptilina
72,acido mefenamico 500 mg
2167,oximetazolina
2168,oximetazolina
1524,hidroxocobalamina
1521,hidroxocobalamina
1522,hidroxocobalamina
1827,megestrol
604,caspofungina 70 mg
605,caspofungina 50 mg
2749,tobramicina 0
344,azitromicina 40 mg/ml
49,acido ascorbico 2 g
50,acido ascorbico 100 mg/ml
52,acido ascorbico 200 mg/ml
2084,nortriptilina
2751,tobramicina + dexametasona 3 + 1 mg/g
948,desloratadina 5 mg
2290,piperaciclina sodica + tazobactam sodica 2 g + 250 mg
2291,piperaciclina sodica + tazobactam sodica 4 g + 500 mg
2351,pravastatina sodica 40 mg
3240,passiflora edulis (maracuja) 200 mg
375,benciclano
376,benciclano
436,bicalutamida 50 mg
2305,piridostigmina
1236,fenilefrina
1237,fenilefrina
1238,fenilefrina
443,bimatoprosta 0
444,bimatoprosta 0
473,brinzolamida 10 mg/ml
474,brinzolamida 10 mg/ml
2459,ringer simples
2435,retinol
1259,fentanila
1260,fentanila
1261,fentanila
224,amilorida
1262,fentanila
2229,paroxetina
1263,fentanila
1264,fentanila
1092,droperidol 2
609,cefadroxila 50 mg/ml
632,cefuroxima 25 mg/ml
633,cefuroxima 750 mg
636,cefuroxima 125 mg
1065,dipirona sodica 500 mg/ml
746,citicolina 500 mg
2661,tamoxifeno
2662,tamoxifeno
356,bamifilina
357,bamifilina
782,clomipramina
787,clonidina
788,clonidina
789,clonidina
808,clordiazepoxido 25 mg
1167,esomeprazol
2132,ondansetrona
809,clordiazepoxido 10 mg
2007,nafazolina
2543,sevelamer
2544,sevelamer
2622,sulfadiazina de prata + nitrato de cerio 1 + 0
2623,sulfadiazina de prata + nitrato de cerio 1 + 0
2624,sulfadiazina de prata + nitrato de cerio 1 + 0
2618,sulfadiazina de prata 1 %
2619,sulfadiazina de prata 1 %
2621,sulfadiazina de prata 1 %
2906,vitaminas do complexo b (b1
2909,vitaminas do complexo b (b1
2911,vitaminas do complexo b (b1
2912,vitaminas do complexo b (b1
689,ciclopentolato
396,benzocaina + benzoxiquina + benzetonio + mentol 4
774,clobutinol
1165,esmolol
1199,etilefrina
1200,etilefrina
1018,difenidramina
1231,femproporex
1674,lercanidipino 10 mg
1688,levobunolol
1871,metilfenidato
2152,oxibutinina
2273,petidina 50 mg/ml
2293,piperidolato
1037,dimenidrinato + piridoxina 50 + 10 mg
1038,dimenidrinato + piridoxina 50 + 50 mg/ml
1039,dimenidrinato + piridoxina 50 + 50 mg/ml
1040,dimenidrinato + piridoxina 25 + 5 mg/ml
1127,enoxaparina sodica 40 mg
1041,dimenidrinato + piridoxina + glicose + frutose 3 + 5 + 100 + 100 mg/ml
381,benzidamina
2309,piridoxina
2712,tiamina
2714,tiamina
2888,venlafaxina
2738,tioridazina
2884,venlafaxina
2055,nistatina 25.000 ui/g
582,carbonato de litio 300 mg
2008,nafazolina
2002,nafazolina + benzalconio 0
2010,nafazolina
1303,fluocinolona + nafazolina + zinco + neomicina 0
2006,nafazolina
841,cloroquina
848,clortalidona 50 mg
852,clotrimazol 10 mg/g
2151,oxibutinina
854,clotrimazol 10 mg/g
855,clotrimazol 10 mg/g
2808,trometamol
1284,fibrinolisina + desoxirribonuclease + cloranfenicol
94,acido tranexamico 250 mg
716,ciprofloxacino + dexametasona 3
685,ciclofenila 200 mg
560,carbamazepina 400 mg
561,carbamazepina 200 mg
920,dalteparina sodica 5000 ui
921,dalteparina sodica 2500 ui
922,danazol 100 mg
923,dantroleno sodico 20 mg
926,dapsona 100 mg
644,cetirizina
2939,zuclopentixol 10 mg
1007,didanosina 25 mg
1008,didanosina 100 mg
2940,dietilestilbestrol 1 mg
1053,dipiridamol 5 mg/ml
2431,retinol + colecalciferol 50.000 + 10.000 ui
2364,prednisona 5 mg
2432,retinol + colecalciferol 50.000 + 10.000 ui/ml
769,clobazam 10 mg
528,buspirona
1085,dorzolamida + timolol 2 + 0
39,acido acetilsalicilico 100 mg
1069,divalproato de sodio 500 mg
1093,dropropizina 3 mg/ml
1094,dropropizina 3 mg/ml
527,buspirona
1121,enflurano
1126,enoxaparina sodica 20 mg
1129,entacapona 200 mg
1300,flunarizina
2014,nandrolona
2015,nandrolona
2578,solucao para dialise peritoneal
2555,silimarina 140 mg
2579,solucao para dialise peritoneal
2580,solucao para dialise peritoneal
867,codeina 3 mg/ml
866,codeina 30 mg
1096,dropropizina 1
2930,zuclopentixol
172,alfadornase 1 mg/ml
1208,etossuximida 250 mg
1209,etossuximida 50 mg/ml
1295,fludrocortisona
1469,heparina sodica 5000 ui/ml
1637,isotretinoina 10 mg
2377,prometazina
2249,penicilamina 250 mg
1928,midazolam
2345,pramipexol
2445,ribavirina 250 mg
2567,sinvastatina 5 mg
2757,tolcapona 200 mg
2796,triexifenidil
2684,tenoxicam 20 mg
2617,sulfadiazina de prata 1 %
2893,vigabatrina 500 mg
1084,dorzolamida 2 %
2409,raloxifeno
3065,diclofenaco dietilamonio 11
610,cefadroxila 500 mg
2885,venlafaxina
2475,rivaroxabana 10 mg
2772,tramadol
1301,flunitrazepam 1 mg
1304,fluoresceina sodica 1 %
1305,fluoresceina sodica 2 %
1232,fenazopiridina
1258,fenoximetilpenicilina potassica 1.200.000 ui
1220,famotidina 40 mg
2120,olopatadina 2 mg/ml
1638,isotretinoina 20 mg
1441,glimepirida 1 mg
532,calamina + difenidramina
2892,verapamil
939,deflazacorte 6 mg
940,deflazacorte 7
941,deflazacorte 30 mg
2024,neomicina 3
2027,neomicina + bacitracina 5 + 250 mg + ui/g
2028,neomicina + bacitracina 5 + 250 mg + ui/g
2029,neomicina + bacitracina 5 + 250 mg + ui/g
2675,temozolomida 250 mg
2676,temozolomida 5 mg
2677,temozolomida 20 mg
2678,temozolomida 100 mg
2149,oxcarbazepina 600 mg
2184,pamidronato dissodico 90 mg
1786,losartana potassica 25 mg
1518,hidroxizina
753,claritromicina 500 mg
1454,griseofulvina 500 mg
675,cianocobalamina 2.500 mcg/ml
1550,imatinibe
1575,indometacina 25 mg
1576,indometacina 50 mg
1614,irbesartana 150 mg
1615,irbesartana 300 mg
1616,irbesartana + hidroclorotiazida 150 + 12
1630,isossorbida
1633,isossorbida
48,acido ascorbico 1 g
2013,naltrexona 50 mg
1724,levotiroxina sodica 100 mcg
1634,isossorbida
1635,isossorbida
1676,letrozol 2
1806,manitol + sorbitol 0
2031,neostigmina
1780,loratadina + pseudoefedrina
1781,loratadina + pseudoefedrina
1782,loratadina + pseudoefedrina
1783,lorazepam 1 mg
1943,milrinona 1 mg/ml
1950,mitotano 500 mg
1833,meloxicam 7
770,clobazam 20 mg
1835,meloxicam 10 mg/ml
1954,mometasona
2170,oxitocina 5 ui/ml
1558,imunoglobulina anti-hepatite b 1000 ui
1017,difenidramina + paracetamol + pseudoefedrina + dropropizina 1
2904,violeta de genciana 1 %
879,colagenase + cloranfenicol 0
3028,cetoprofeno 100 mg
1440,glimepirida 2 mg
2739,tioridazina
2740,tioridazina
2741,tioridazina
634,cefuroxima 250 mg
1245,fenobarbital 50 mg
1997,multivitaminas b2
1998,multivitaminas b2
1983,multivitaminas + sais minerais
1984,multivitaminas + sais minerais
1985,multivitaminas + sais minerais
1986,multivitaminas + sais minerais
1987,multivitaminas + sais minerais
1988,multivitaminas + sais minerais
1851,mesna 100 mg/ml
1191,estrogenios conjugados 0
1855,metaraminol 10 mg/ml
1856,metaraminol
1857,metaraminol
2710,tiamazol 5 mg
2016,naproxeno sodico 250 mg
2018,naproxeno sodico 275 mg
2019,naratriptana
2076,nitroprusseto de sodio 50 mg
2550,sildenafila
2690,terbinafina
2551,sildenafila
747,citidina + uridina + hidroxocobalamina 2
1585,insulina glargina 100 ui/ml
1586,insulina glargina 100 ui/ml
2547,sibutramina
2548,sibutramina
510,budesonida 0
511,budesonida 0
2225,parecoxibe
2228,paroxetina
2942,perindopril 4 mg
2049,nimesulida 50 mg/ml
2373,progesterona 100 mg
2314,piroxicam 20 mg
2315,piroxicam 5 mg/g
1323,fluticasona
1324,fluticasona
2943,penfluridol 20 mg
1381,gelatina 3
1150,ertapenem sodico 1 g
468,brimonidina
469,brimonidina
1117,enalapril
1058,dipirona + prometazina + adifenina 500 + 5 + 10 mg
1230,femprocumona 3 mg
2298,piracetam 400 mg
1421,glicosamina
1613,ipratropio
1474,hialuronato de sodio 1 %
1475,hialuronato de sodio 1 %
1640,isoxsuprina
608,cefaclor 50 mg/ml
544,candesartana cilexetila 8 mg
2069,nitrofural 2 mg/ml
2809,tropicamida 1 %
2905,vitaminas do complexo b (b1
1770,loperamida
2913,vitaminas do complexo b (b7
1239,fenilefrina
1904,metronidazol 400 mg
1024,diidroergocristina
2846,valsartana 80 mg
1962,montelucaste de sodio 4 mg
2603,sotalol
2242,pasta d'agua
1551,imatinibe
850,clortalidona 12
1166,esomeprazol
1271,ferripolimaltose 10 mg/ml
1767,lisina
2429,retinol + aminoacidos + metionina + cloranfenicol 10.000 ui + 25 + 5 + 5 mg/g
2430,retinol + aminoacidos + metionina + cloranfenicol 10.000 ui + 25 + 5 + 5 mg/g
868,codergocrina
1991,multivitaminas (a
2498,sacarato de sodio ferrico 100 mg
1267,ferripolimaltose 100 mg
1268,ferripolimaltose 100 mg (Ferro III)
1270,ferripolimaltose 10 mg/ml
2944,nitrendipino 100.000 + 200 ui + mg/g
2296,piracetam 200 mg/ml
2297,piracetam 60 mg/ml
2737,tioridazina
2299,piracetam 800 mg
208,alteplase 20 mg/ml
209,alteplase 50 mg
2030,neomicina + clostebol 5 + 5 mg/g
2607,sucralfato 1 g
2791,triancinolona
1066,dipirona sodica + adifenina + prometazina 500 + 10 + 5 mg/1
1056,dipirona + prometazina + adifenina 500 + 5 + 10 mg
1057,dipirona + prometazina + adifenina 500 + 5 + 10 mg
1961,montelucaste de sodio 4 mg
2099,ofloxacino 3 %
1451,gonadotropina
2945,pimecrolimo 10 mg/g
886,colistimetato de sodio (polimixina e) 1.000.000 ui
887,colistimetato de sodio (polimixina e) 150 mg
3122,hialuronidase + lidocaina + neomicina sulfato 100 utr + 50 + 5 mg/ml
658,cetoprofeno 100 mg
2455,rilmenidina 1 mg
1287,finasterida 1 mg
1729,levotiroxina sodica 200 mcg
441,bicarbonato de sodio 10 %
1595,insulina lispro 100 ui/ml
1596,insulina lispro 100 ui/ml
1578,insulina asparte 100 ui/ml
1579,insulina asparte 100 ui/ml
1598,insulina lispro + lispro protamina 25 + 75 %
2411,ramipril 5 mg
2412,ramipril 10 mg
2413,ramipril 2
2417,ramipril + hidroclorotiazida 5 mg + 25 mg
2414,ramipril + anlodipino
1617,irbesartana + hidroclorotiazida 300 + 12
1269,ferripolimaltose 100 mg (Ferro III)
969,dexametasona + neomicina + polimixina b 1 mg + 5 mg + 6.000 ui/g
1102,ebastina 10 mg
2415,ramipril + anlodipino
2790,triancinolona + neomicina + gramicidina + nistatina 1 + 2
947,deslanosideo 0
2275,picossulfato sodico + oleo mineral leve + agar-agar 0
655,cetoprofeno 50 mg
1034,diltiazem
1035,diltiazem
2727,tinidazol 500 mg
512,budesonida 3 mg
1310,fluoruracila 50 mg/g
2806,trometamol
2554,silimarina 70 mg
894,contraste radiologico
895,contraste radiologico
1604,iobitridol (65
889,contraste radiologico
890,contraste radiologico
891,contraste radiologico
1830,meglumina
274,anfotericina b 100 mg
140,agua destilada
141,agua destilada
144,agua destilada
145,agua destilada
146,agua destilada
148,agua destilada
2080,noretisterona 10 mg
2731,tioconazol 65 mg/g
2732,tioconazol 10 mg/ml
92,acido salicilico + acido latico 170 mg + 150 mg/ml
2734,tioconazol + tinidazol + secnidazol 20 + 30 + 1000 mg
1311,fluoruracila 50 mg/g
1312,fluoruracila 50 mg/g
189,alfatocoferol (vitamina e) 400 mg
1313,fluoruracila 50 mg/g
60,acido folico 0
188,alfatirotropina (tirotrofina) 1
2747,tizanidina
2670,telmisartana 40 mg
2671,telmisartana 80 mg
2845,valganciclovir
2271,peroxido de hidrogenio (agua oxigenada 10vol) 3 %
112,acido ursodesoxicolico 50 mg
1009,didanosina 250 mg
1010,didanosina 250 mg
1011,didanosina 400 mg
1012,didanosina 400 mg
346,azul de metileno 1 %
269,anagrelida
333,atropina
1134,ergometrina 0
2843,valeriana officinalis
2735,tiopental sodico 500 mg
2736,tiopental sodico 1 g
2798,trifluoperazina
135,adenosina
2104,oleo de borragem (acido linolenico + acido linoleico + acido oleico) + vitamina e 1000 + 3 mg
1963,montelucaste de sodio 5 mg
2223,paracetamol + diclofenaco de sodio + carisoprodol + cafeina 300 mg + 50 mg + 125 mg + 30 mg
336,azelastina
337,azelastina
270,anastrozol 1 mg
2789,tretinoina 10 mg
518,bupivacaina + epinefrina 0
1111,elixir paregorico
73,acido mucopolissacarideo polissulfurico 5 mg/g
1999,multivitaminas
74,acido mucopolissacarideo polissulfurico 5 mg/g
75,acido mucopolissacarideo polissulfurico 5 mg/g
76,acido mucopolissacarideo polissulfurico 5 mg/g
77,acido mucopolissacarideo polissulfurico 3 mg/g
78,acido mucopolissacarideo polissulfurico 3 mg/g
46,acido aminocaproico 50 mg/ml
1864,metformina
1865,metformina
1866,metformina
2720,ticarcilina + clavulanato de potassio 3 + 100 (g + mg)
228,aminoacidos
2886,venlafaxina
1608,iodo 2 %
1609,iodo 2 %
2061,nistatina + oxido de zinco 100.000 + 200 ui + mg/g
1255,fenoterol
86,acido poliacrilico 2 mg/g oftalmico
87,acido poliacrilico 2 mg/g oftalmico
1791,loteprednol
2160,oxido de zinco + colecalciferol + retinol 150 + 5000 + 900 mg + ui + ui/g
2161,oxido de zinco + colecalciferol + retinol 150 + 5000 + 900 mg + ui + ui/g
2162,oxido de zinco + colecalciferol + retinol 150 + 5000 + 900 mg + ui + ui/g
2163,oxido de zinco + colecalciferol + retinol 150 + 5000 + 900 (mg + ui + ui/g)
2164,oxido de zinco + colecalciferol + retinol 150 + 5000 + 900 (mg + ui + ui/g)
2165,oxido de zinco + colecalciferol + retinol 150 mg + 5000 ui + 900 ui/g
463,bosentana 125 mg
464,bosentana 62
461,bortezomibe 3
628,ceftriaxona sodica 500 mg
134,adefovir 10 mg
1693,levobupivacaina
1695,levobupivacaina
546,candesartana cilexetila + hidroclorotiazida 16 + 12
1172,espironolactona + hidroclorotiazida 50 + 50 mg
1367,furosemida + espironolactona 20 + 100 mg
2514,salmeterol
1422,glicosamina
2100,ofloxacino 200 mg
2440,rhamnus purshiana (cascara sagrada) 10 mg/ml
547,candesartana cilexetila + hidroclorotiazida 8 + 12
1211,exemestano 25 mg
555,carbacol
563,carbocisteina 20 mg/ml
564,carbocisteina 20 mg/ml
565,carbocisteina 50 mg/ml
566,carbocisteina 50 mg/ml
567,carbocisteina 50 mg/ml
591,carnitina 200 mg/ml
2641,sulpirida 20 mg/ml
2089,nortriptilina
1958,monoetanolamina
2698,testosterona (decanoato + fempropionato + isocaproato + propionato) 100 + 60 + 60 + 30 mg/ml
2537,senna alexandrina mill. + cassia fistula + tamarindus indica l. + glycyrrhiza glabra l. + coriandrum sativum
1726,levotiroxina sodica 75 mcg
2538,senna alexandrina mill. + cassia fistula + tamarindus indica l. + glycyrrhiza glabra l. + coriandrum sativum
1054,dipirona + cafeina + orfenadrina 300 + 50 + 35 mg
292,aripiprazol 15 mg
2612,sulfacetamida + trietanolamina 74 mg + 21 mg/g
380,benzbromarona 100 mg
2673,telmisartana + hidroclorotiazida 40 + 12
2674,telmisartana + hidroclorotiazida 80 + 12
881,colchicina 1 mg
371,beclometasona
429,betaxolol
430,betaxolol
431,betaxolol
771,clobetasol
773,clobetasol
1979,moxifloxacino
1334,folitropina
1335,folitropina
1336,folitropina
1337,folitropina
1338,folitropina
1636,isossorbida
1228,felodipino 5 mg
1229,felodipino 2
1217,ezetimiba + sinvastatina 10 + 10 mg
1218,ezetimiba + sinvastatina 10 + 20 mg
1219,ezetimiba + sinvastatina 10 + 40 mg
2569,sirolimo 1 mg
2570,sirolimo 2 mg
2689,teofilina 300 mg
772,clobetasol
2718,tibolona 2
2282,pimozida 1 mg
2283,pimozida 4 mg
293,aripiprazol 30 mg
110,acido tricloroacetico 60 %
859,cloxazolam 4 mg
2643,sulpirida 200 mg
1992,multivitaminas (a
1993,multivitaminas (a
1753,lidocaina
2036,nicotina 4 mg
2158,oxiconazol
2159,oxiconazol
1790,losartana potassica + hidroclorotiazida 100 mg + 25 mg
954,desonida 0
955,desonida 0
1110,efedrina
691,ciclopirox olamina 10 mg/g
1216,ezetimiba 10 mg
2938,lisinopril 20 mg
1980,moxifloxacino
1913,micofenolato de sodio 360 mg
1846,mesalazina 400 mg
1694,levobupivacaina
42,acido acetilsalicilico 81 mg
2711,tiamazol 10 mg
690,ciclopirox 80 mg/ml
2650,suxametonio
1104,ebastina + pseudoefedrina 10 + 120 mg
2792,triancinolona
953,desogestrel + etinilestradiol 0
232,aminoacidos (lisina 75 mg
1477,hialuronidase 2000 utr
327,atorvastatina calcica 80 mg
2300,piracetam + diidroergocristina mesilato 1 + 400 mg
2426,repaglinida 0
2427,repaglinida 1 mg
2428,repaglinida 2 mg
1370,gabapentina 600 mg
1371,gabapentina 100 mg
990,diacereina 50 mg
2064,nitrato de prata 10 mg/ml
2717,tibolona 1
19,acetilcisteina 100 mg
2770,tramadol
2452,rifampicina 20 mg/ml
2453,rifampicina 20 mg/ml
1103,ebastina 1 mg/ml
2873,varfarina sodica 2
1845,mesalazina 500 mg
1848,mesalazina 250 mg
1849,mesalazina 1000 mg
1899,metotrexato 25 mg/ml
2134,orlistate 120 mg
1095,dropropizina 1
67,acido fusidico 20 mg/g
1912,micofenolato de sodio 180 mg
1900,metotrexato 25 mg/ml
1968,morfina
1969,morfina
1970,morfina
1971,morfina
2253,pergolida
2254,pergolida
2510,salbutamol
2636,sulfato ferroso (25 mg/ml de ferro elementar) 125 mg/ml
2765,toxina botulinica tipo a 100 ui
2766,toxina botulinica tipo a 500 ui
1699,levodopa + benserazida 100 + 25 mg
710,cinacalcete 60 mg
2771,tramadol
1289,fitomenadiona 10 mg/ml
1290,fitomenadiona 10 mg/ml
171,alfacalcidol 1 mcg
235,aminofilina 24 mg/ml
358,basiliximabe 20 mg
539,calcitriol 1 mcg
540,calcitriol 1 mcg
721,ciprofloxacino
722,ciprofloxacino
1366,furosemida + cloreto de potassio 40 + 100 mg
2389,propranolol
2390,propranolol
2109,oleo mineral (vaselina liquida / petrolato)
2769,tramadol
2391,propranolol
216,ambroxol
1215,extrato de oleo insaponificavel de abacate (glycine max) e soja (persea gratissima) 100 + 200 mg
1897,metoprolol
2855,valsartana + hidroclorotiazida 80 + 12
2461,risedronato sodico 35 mg
1073,dobutamina
259,amoxicilina + sulbactam 875 mg + 125 mg
2758,tolterodina
2759,tolterodina
775,clobutinol
1796,macrogol + bicarbonato de sodio + cloreto de sodio e potassio 13
1668,latanoprosta + timolol
987,dexrazoxano 500 mg
1667,latanoprosta 50 mcg/ml
1648,lacidipino 2 mg
1649,lacidipino 4 mg
1947,mirtazapina 45 mg
2810,ubidecarenona (coenzima q10) 20 mg/ml
2916,voriconazol 50 mg
178,alfaepoetina 40000 ui seringa 1 ml
1618,irinotecano
1619,irinotecano
382,benzidamina
1406,glicerofosfato de sodio 216 mg/ml
2775,trastuzumabe 440 mg
2776,trastuzumabe 150 mg
192,algestona acetofenida + estradiol
175,alfaepoetina 4.000 ui
1717,levonorgestrel 52 mg
545,candesartana cilexetila 16 mg
1162,escopolamina
1861,metformina
2083,norgestimato + estradiol 1 + 90 mg
912,cumarina + troxerrutina 15 + 90 mg
1731,levotiroxina sodica 112 mcg
2801,trimebutina
727,ciproterona
417,betametasona
2116,olmesartana + hidroclorotiazida 40 + 12
2112,olmesartana 40 mg
1706,levodropropizina 6 mg/ml
2375,promestrieno 10 mg
2515,salmeterol
2516,salmeterol
2517,salmeterol
2518,salmeterol
2519,salmeterol
62,acido folico + ferro aminoacido quelato 5 mg + 150 mg
1181,estradiol + didrogesterona 1 + 10 mg
2186,pancreatina 10.000 ui
645,cetirizina
646,cetirizina
905,cromoglicato de sodio 4 %
906,cromoglicato de sodio 2 %
907,cromoglicato de sodio 4 %
1071,divalproato de sodio 500 mg
2464,risperidona 1 mg
1186,estradiol
1906,metronidazol + nistatina 100 mg + 20.000 ui/g
1684,levetiracetam 250 mg
351,bambuterol
352,bambuterol
353,bambuterol
354,bambuterol
355,bambuterol
2284,pinaverio
697,ciclosporina 0
244,amorolfina
1013,didanosina 2 g
1266,fentanila
1743,lidocaina
1805,manitol 20 %
1880,metilprednisolona
1881,metilprednisolona
1882,metilprednisolona
245,amorolfina
1436,glicose + cloreto de sodio 20 + 0
1399,ginkgo biloba 120 mg
1437,glicose + cloreto de sodio 20 + 0
1438,glicose + cloreto de sodio 20 + 0
1246,fenobarbital 200 mg/ml
2187,pancreatina 25.000 ui
2256,periciazina 10 mg/ml
1707,levodropropizina 30 mg/ml
1485,hidrocortisona 5 mg
1357,fotemustina 208 mg
2231,paroxetina
1659,lamotrigina 25 mg
2224,"paracetamol + fenilefrina, cloridrato ; paracetamol + carbinoxamina, maleato 400 + 20; 400 + 4 mg"
945,derivado proteico purificado (tuberculina) 2 utr
2302,pirazinamida 30 mg/ml
698,ciclosporina 100 mg/ml
2725,timomodulina 80 mg
2726,timomodulina 200 mg/ml
709,cinacalcete 30 mg
2075,nitroglicerina 50 mg
1972,morfina
1973,morfina
1974,morfina
1975,morfina
1022,digoxina 0
1447,glucagon 1 mg
892,contraste radiologico
311,asparaginase 10000 ui
1677,leuprorrelina 3
1679,leuprorrelina
1680,leuprorrelina
1678,leuprorrelina 11
1681,leuprorrelina
1689,levobupivacaina
1690,levobupivacaina
1951,mitoxantrona
1981,moxifloxacino
1292,fluconazol 150 mg
717,ciprofloxacino + hidrocortisona 2 + 10 mg/ml
2038,nicotina 4 mg
2644,sulpirida + bromazepam 25 + 1 mg
2289,pioglitazona
1400,ginkgo biloba 80 mg
1401,ginkgo biloba 80 mg
1402,ginkgo biloba 40 mg
1403,ginkgo biloba 40 mg
589,carmelose sodica 5 mg/ml
587,carmelose sodica 5 mg/ml
2787,trazodona
588,carboximetilcelulose sodica 10 mg/ml
748,citrato de potassio 540 mg
749,citrato de potassio 1080 mg
2288,pioglitazona
1807,maprotilina
1808,maprotilina
1819,mebeverina
1873,metilfenidato
1874,metilfenidato
1875,metilfenidato
2287,pioglitazona
2847,valsartana 160 mg
1015,didrogesterona 10 mg
708,cimicifuga racemosa nutt. 20 mg
2077,norepinefrina 1 mg/ml
2092,octreotida 0
2093,octreotida 0
2106,oleo de primula 500 mg
2133,ondansetrona
2384,propofol 10 mg/ml
2385,propofol 10 mg/ml
574,carbonato de calcio + colecalciferol 600 mg + 400 ui
1005,diclofenaco sodico + codeina
2848,valsartana 320 mg
2807,trometamol
2021,nateglinida 120 mg
2034,nicergolina 30 mg
2138,oseltamivir
1380,gatifloxacino 3 mg/ml
1048,dimeticona + homatropina
1876,metilfenidato
1877,metilfenidato
1878,metilfenidato
2121,omalizumabe 150 mg
131,acitretina 25 mg
390,benzoato de benzila 250 mg/ml
391,benzoato de benzila 250 mg/ml
435,bezafibrato 400 mg
2545,sevoflurano
2546,sevoflurano 1 mg/ml
113,acido ursodesoxicolico 300 mg
65,acido folinico (folinato de calcio) 50 mg
47,acido aminocaproico 200 mg/ml
136,aesculus hippocastanum l. (castanha da india) 100 mg
137,aesculus hippocastanum l. (castanha da india) 300 mg
700,cilazapril 1 mg
701,cilazapril 2
702,cilazapril 5 mg
1346,formoterol + budesonida 6 + 100 mcg/dose
2773,tramadol
1419,glicosamina
1420,glicosamina
652,cetoconazol 2 %
1685,levetiracetam 500 mg
893,contraste radiologico
392,benzoato de benzila 100 mg/g
393,benzoato de benzila 100 mg/g
432,bevacizumabe 25 mg/ml
433,bevacizumabe 25 mg/ml
988,dextrana 70 + hipromelose + glicerol 1 + 3 + 2 mg/ml
2947,erlotinibe 150 mg
1306,fluormetolona 1 mg/ml
2326,policresuleno 1
2327,policresuleno 36 %
2948,policresuleno 0
2328,policresuleno + cinchocaina
1515,hidroxiquinolina
908,cumarina + heparina sodica 5 + 50 mg/ml
909,cumarina + heparina sodica 5 + 50 mg/ml
911,cumarina + heparina sodica 5 + 50 mg/ml
1130,entecavir 0
1131,entecavir 1 mg
1296,fludroxicortida + neomicina 0
1959,monossialogangliosideo 20 mg/ml
341,azitromicina 40 mg/ml
910,cumarina + heparina sodica 5 + 50 mg/ml
2182,palonosetrona
896,contraste radiologico
897,contraste radiologico
898,contraste radiologico
899,contraste radiologico
1318,fluoxetina
900,contraste radiologico
838,cloreto de sodio + cloreto de benzalconio + nafazolina 9 + 0
736,citalopram 40 mg
2586,somatropina 8 ui
2587,somatropina 16 ui
2588,somatropina 36 ui
2800,triflusal 300 mg
471,brimonidina
1025,diidroergocristina
1343,formoterol + budesonida 12 + 400 mcg
3124,hidroxido de aluminio + hidroxido de magnesio + dimeticona 37 mg/ml + 40 mg/ml + 5 mg/ml
2552,sildenafila
226,aminoacidos
2611,sulbutiamina 200 mg
372,benazepril
965,dexametasona 0
373,benazepril
374,benazepril
2764,topotecana 4 mg
183,alfalutropina 75 ui
1176,estazolam 2 mg
2131,ondansetrona
1221,fanciclovir 500 mg
1641,isoxsuprina
1091,doxorrubicina
723,ciprofloxacino
472,brimonidina
2232,paroxetina
2949,etoricoxibe 90 mg
1801,manidipino 20 mg
2496,rutina + castanha da india + extrato de miroton 300 + 100 mg + 150 uc
1802,manidipino 10 mg
936,deferasirox 250 mg
937,deferasirox 500 mg
1275,ferro quelato glicinato 500 mg
1196,etambutol
1794,lugol 5 %
1795,lugol 5 %
347,azul de trypan 0
227,aminoacidos
575,carbonato de calcio + colecalciferol 600 mg + 200 ui
576,carbonato de calcio + colecalciferol 600 mg + 200 ui
115,acido valproico (valproato de sodio) 250 mg
217,ambroxol
779,clomifeno
869,codergocrina
118,acido valproico (valproato de sodio) 300 mg
2371,primidona 100 mg
2571,sitagliptina
119,acido valproico (valproato de sodio) 200 mg/ml gotas
163,alcool etilico >99 %
924,dantroleno sodico 25 mg
925,dantroleno sodico 100 mg
2760,tolterodina
2730,tiocolchicosideo 2 mg/ml
1376,ganciclovir sodico 1 mg/ml
1377,ganciclovir sodico 1 mg/ml
1378,ganciclovir sodico 50 mg/ml
1379,ganciclovir sodico 500 mg
2594,sorafenibe
165,alcool polivinilico + povidona 14 mg + 6 mg/ml
2656,tadalafila 20 mg
1307,fluormetolona 2
2694,teriparatida 250 mcg/ml
2695,teriparatida 250 mcg/ml
2666,tegaserode 6 mg
1989,multivitaminas + sais minierais + luteina + zeaxantina 5 + 1 mg
279,anlodipino
2572,sitagliptina
2722,tigeciclina 50 mg
2247,pemetrexede 500 mg
726,ciproterona
699,cidofovir 75 mg/ml
1505,hidroxido de aluminio + hidroxido de magnesio 37 + 35
613,cefalexina 25 mg/ml
2520,salmeterol
2521,salmeterol
1396,gestodeno + etinilestradiol 0
1397,gestodeno + etinilestradiol 0
535,calcipotriol 50 mcg/g
536,calcipotriol 50 mcg/g
275,anfotericina b 100 mg
2881,vasopressina 20 ui/ml
862,coaltar 40 mg/ml
1709,levofloxacino 5 mg/ml
1710,levofloxacino 25 mg/ml
637,cefuroxima 50 mg/ml
638,cefuroxima 50 mg/ml
1520,hidroxizina
207,alprostadil 500 mcg/ml
2604,sotalol
2653,tacrolimo 3 mg/g
2654,tacrolimo 1 mg/g
2655,tacrolimo 1 mg/g
2196,papaina 6 %
2197,papaina 6 %
776,clodronato
1325,fluticasona
1326,fluticasona
1360,fulvestranto 50 mg/ml
20,acetilcisteina 100 mg/ml
798,cloranfenicol 500 mg
807,cloranfenicol
799,cloranfenicol 5 mg/ml
800,cloranfenicol 5 mg/ml
806,cloranfenicol
801,cloranfenicol 30 mg/ml
804,cloranfenicol + lidocaina
2252,pentoxifilina 20 mg/ml
2865,vardenafila
2866,vardenafila
1351,fosamprenavir calcico 700 mg
949,desloratadina 0
1583,insulina detemir 100 ui
1584,insulina detemir 100 ui/ml
2522,salmeterol
2523,salmeterol
2194,pantoprazol 20 mg
3073,divalproato de sodio 250 mg
43,acido acetilsalicilico 100 mg
44,acido acetilsalicilico 300 mg
2367,pregabalina 150 mg
2699,testosterona
2917,voriconazol 200 mg
2918,voriconazol 200 mg
11,acetato de zinco 0
125,acido zoledronico 4 mg
537,calcitonina sintetica de salmao 200 ui/dose
826,cloreto de sodio 30 mg/ml
620,cefepima
621,cefepima
2589,somatropina 5 mg
2590,somatropina 10 mg
2591,somatropina 15 mg
2836,vacina pneumococica 7-valente (conjugada)
2950,cetoprofeno 100 mg
2867,vareniclina
2868,vareniclina
2869,vareniclina
2870,vareniclina
2871,vareniclina
668,cetotifeno
670,cetrorrelix
687,ciclofosfamida 1 g
688,ciclofosfamida 200 mg
692,ciclopirox olamina 10 mg/ml
706,cimetidina 150 mg/ml
728,cisatracurio
729,cisatracurio
1577,infliximabe 100 mg
730,cisatracurio
731,cisplatina 10 mg
732,cisplatina 50 mg
733,cisplatina 100 mg
737,citarabina 500 mg
738,citarabina 100 mg
739,citarabina 20 mg/ml
740,citarabina 20 mg/ml
741,citarabina 50 mg/ml
742,citarabina 100 mg/ml
743,citarabina 100 mg/ml
744,citarabina 100 mg/ml
745,citarabina 100 mg/ml
750,cladribina 1 mg/ml
751,cladribina 1 mg/ml
790,clonidina
901,contraste radiologico
902,contraste radiologico
1026,diidroergotamina + dipirona + cafeina 1 + 350 + 100 mg
423,betametasona
2263,permetrina 10 mg/ml
1499,hidroxido de aluminio 61
2324,podofilotoxina 1
870,codergocrina
871,codergocrina
2331,poliestirenossulfonato de calcio 900 mg
2929,zopiclona 7
1333,fluvoxamina
1135,ergometrina 0
671,cetuximabe 2 mg/ml
1074,docetaxel 40 mg/ml
1075,docetaxel 40 mg/ml
1554,imipenem + cilastatina sodica 500 mg
2925,ziprasidona 40 mg
2926,ziprasidona 80 mg
2875,varfarina sodica 7
1602,insulina nph + regular 70 % + 30 %
1603,insulina nph + regular 70 % + 30 % 100 ui/ml
1233,fenilbutazona
1250,fenofibrato 250 mg
2743,tiotropio
2805,triptorrelina
1470,heparina sodica 200 ui/g
1471,heparina sodica 10.000 ui/ml
1404,glatiramer
2094,octreotida 10 mg
2095,octreotida
2096,octreotida lar 20 mg
2097,octreotida lar 30 mg
288,anlodipino
1526,hipoclorito de sodio 2
1528,hipoclorito de sodio 2
1183,estradiol hemi-hidratado 1 mg/g
1197,etanercepte 25 mg
231,aminoacidos
229,aminoacidos
230,aminoacidos
45,acido acetilsalicilico 200 mg tamponado
1994,multivitaminas (a
2646,sunitinibe
2647,sunitinibe
2648,sunitinibe
1932,miglustate 100 mg
1894,metoprolol
1895,metoprolol
802,cloranfenicol 4 mg/ml
2814,ureia 100 mg/g
1703,levodopa + carbidopa + entacapona 100 + 25 + 200 mg
1653,lactato de amonio + alantoina 120 + 1 mg/ml
2198,papaina 4 %
2200,papaina 8 %
2201,papaina 8 %
127,acidos graxos essenciais
128,acidos graxos essenciais
129,acidos graxos essenciais
2312,pirimetamina 2 mg/ml
1771,lopinavir + ritonavir 80 + 20 mg/ml
1773,lopinavir + ritonavir 133
2406,rabeprazol sodico 10 mg
2407,rabeprazol sodico 20 mg
1202,etodolaco 400 mg
1203,etodolaco 300 mg
981,dexclorfeniramina
424,betametasona
983,dexmedetomidina
426,betametasona
2460,ringer simples
1727,levotiroxina sodica 125 mcg
2752,tobramicina + dexametasona 3 + 1 mg/ml
2742,tioridazina
2107,oleo mineral (vaselina liquida / petrolato)
2549,sildenafila 100 mg
2195,pantoprazol 40 mg
149,agua destilada
513,budesonida 400 mcg
514,budesonida 200 mcg
515,budesonida 200 mg
2294,pipotiazina
2295,pipotiazina
1070,divalproato de sodio 125 mg
90,acido salicilico 270 mg/g
1686,levetiracetam 100 mg/g
1687,levetiracetam 100 mg/ml
460,borago officialis 900 mg
3033,ciclobenzaprina
399,beractanto (tensoativo pulmonar origem animal) 25 mg/ml
400,beractanto (tensoativo pulmonar origem animal) 25 mg/ml
1358,fracao fosfolipidica de pulmao porcino (surfactante pulmonar) 80 mg/ml
1359,fracao fosfolipidica de pulmao porcino (surfactante pulmonar) 80 mg/ml
1433,glicose 50 %
1525,hilano gf-20 8 mg/ml
1901,metoxisaleno 10 mg
707,cimetidina 400 mg
6,acarbose 100 mg
1675,lercanidipino 20 mg
2119,olopatadina 1 mg/ml
2583,somatostatina 3 mg
126,acido zoledronico 50 mcg/ml
2783,travoprosta + timolol
2784,travoprosta + timolol
2715,tianeptina 12
22,acetilcisteina 600 mg
2850,valsartana + anlodipino
2851,valsartana + anlodipino
1964,montelucaste de sodio 10 mg
2895,vildagliptina + metformina
2896,vildagliptina + metformina
2853,valsartana + anlodipino
534,calcio
403,betagalsidase 5 mg
1886,metoclopramida + dimeticona + pepsina 7 mg + 40 mg + 50 mg
164,alcool etilico 99
1839,mepivacaina
2418,ranibizumabe 10 mg/ml
927,darifenacina
928,darifenacina
2952,misoprostol 100 mcg
932,dasatinibe 20 mg
933,dasatinibe 50 mg
1476,hialuronato de sodio 0
2175,paliperidona 3 mg
2176,paliperidona 9 mg
1666,lapatinibe
938,deferiprona 500 mg
1645,ivermectina 6 mg
454,bisoprolol
2483,
2484,
2485,
289,aprepitanto 2 cap 80 mg + (Inativo)
767,clindamicina
768,clindamicina
1708,levofloxacino 500 mg
2894,vildagliptina 50 mg
348,azul de trypan 0
2403,quinina
1006,diclofenaco sodico + tiamina + piridoxina + cianocobalamina 50 + 50 + 50 + 1 mg
966,dexametasona + dipirona + hidroxocobalamina 1
1302,flunitrazepam 2 mg
1810,maraviroque 300 mg
1829,meglumina
2907,vitaminas do complexo b (b1
1671,lenalidomida 25 mg
281,anlodipino
1639,isotretinoina 0
1503,hidroxido de aluminio 230 mg
1672,lenalidomida 5 mg
1673,lenalidomida 10 mg
2153,oxibutinina
3,abatacepte 250 mg
2595,sorbitol + laurilsulfato de sodio 714 + 7
193,alisquireno
194,alisquireno
1439,glicose + cloreto de sodio 5 + 0
2009,nafazolina
2020,natalizumabe 20 mg/ml
82,acido nicotinico 500 mg
83,acido nicotinico 750 mg
704,cilostazol 100 mg
295,aripiprazol 20 mg
888,complexo osseina hidroxiapatita 800 mg
1704,levodopa + carbidopa + entacapona 150 + 37
2330,policresuleno + cinchocaina
1382,gelatina 3
1567,imunoglobulina humana 50 mg/ml
996,diclofenaco dietilamonio 11
2908,vitaminas do complexo b (b1
1106,eculizumabe 10 mg/ml
2915,vitis vinifera l. 150 mg
1934,mikania glomerata (guaco) 117
2811,ubidecarenona (coenzima q10) 50 mg
764,clindamicina
452,bisacodil + docusato de sodio 5 + 60 mg
30,acido acetico 5 %
31,acido acetico 5 %
32,acido acetico 5 %
33,acido acetico 5 %
34,acido acetico 3 %
35,acido acetico 2 %
36,acido acetico 2 %
37,acido acetico 2 %
2900,vimpocetina 5 mg
2953,everolimo 0
1559,imunoglobulina anti-hepatite b 100 ui
917,dabigatrana
2857,valsartana + hidroclorotiazida 160 + 25 mg
190,alfa-1 antitripsina (aat) 20 mg/ml
828,cloreto de sodio 0
829,cloreto de sodio 0
830,cloreto de sodio 0
831,cloreto de sodio 0
832,cloreto de sodio 0
1546,ibuprofeno + arginina 400 + 370 mg
1533,hipromelose 0
1534,hipromelose 2 mg/ml
1535,hipromelose 2 mg/ml
1536,hipromelose 2 mg/ml
2697,testosterona
2047,nilotinibe 200 mg
1990,multivitaminas + sais minierais + luteina + zeaxantina
2333,polietilenoglicol 400 + propilenoglicol 3 + 4 mg/ml
2334,polietilenoglicol 400 + propilenoglicol 3 + 4 mg/ml
2335,polietilenoglicol 400 + propilenoglicol 3 + 4 mg/ml
1277,ferrocarbonila + acido folico + multivitaminas
833,cloreto de sodio 0
1001,diclofenaco sodico 50 mg
835,cloreto de sodio 0
2849,valsartana 40 mg
1194,estroncio
2310,piridoxina
200,alprazolam 1 mg
792,cloral
793,cloral
2832,vacina humana
1588,insulina glulisina 100 ui/ml
447,bimatoprosta + timolol 0
2177,paliperidona 6 mg
2872,varfarina sodica 5 mg
2382,propatilnitrato 10 mg
130,acidos graxos poliinsaturados marinhos 1000 mg
2573,sitagliptina
2416,ramipril + anlodipino
1841,mercaptamina
2127,omeprazol magnesio 10
2128,omeprazol magnesio 20
836,cloreto de sodio 10 %
935,decitabina 50 mg
1553,imiglucerase 400 u
590,carmelose sodica + glicerol 5 + 9 mg/ml
680,ciclesonida 160 mcg
334,azacitidina 100 mg
2681,tenecteplase 50 mg
1581,insulina asparte + asparte protamina 30 % + 70 % 100 ui/ml
2830,vacina humana contra dtp + haemophilus influenzae tipo b monodose
1582,insulina asparte + asparte protamina 30 % + 70 % 100 ui/ml
2902,vinorelbina
2903,vinorelbina
168,alendronato de sodio + colecalciferol 70 mg + 2.800 ui
1840,mercaptamina (cisteamina) 5 mg/ml
1487,hidrocortisona 10 mg
412,betametasona 0
413,betametasona 2 mg
414,betametasona 0
1494,hidroquinona 40 mg/g
66,acido folinico (folinato de calcio) 0
1497,hidroxicloroquina 200 mg
2325,policarbofila calcica 500 mg
2216,paracetamol 32 mg/ml
132,acitretina 10 mg
1347,formoterol + budesonida 6 + 200 mcg
2202,papaina 2 %
313,aspartato
2467,risperidona 25 mg
2468,risperidona 37
2469,risperidona 50 mg
2755,tocilizumabe 20 mg/ml
2756,tocilizumabe 20 mg/ml
1705,levodopa + carbidopa + entacapona 50 + 12
2113,olmesartana + anlodipino 20 + 5 mg
2744,tiotropio
2115,olmesartana + anlodipino 40 + 10 mg
1443,glimepirida 3 mg
2135,ornitina
2136,ornitina
2493,rosuvastatina calcica 40 mg
170,alentuzumabe 30 mg/ml
2803,trioxido de arsenio 1 mg/ml
1282,fexofenadina
1398,gestodeno + etinilestradiol 0
2609,sugamadex 100 mg/ml
2610,sugamadex 100 mg/ml
2397,quetiapina 300 mg
2398,quetiapina 200 mg
672,cetuximabe 5 mg/ml
673,cetuximabe 5 mg/ml
674,cetuximabe 5 mg/ml
1212,exenatida 100 mcg/dose
1213,exenatida 250 mcg/ml
1100,dutasterida 0
580,carbonato de calcio (calcio elementar) 500 mg
1214,exenatida 250 mcg/ml
88,acido poliacrilico 3 mg/g oftalmico
89,acido poliacrilico 3 mg/g oftalmico
2686,tensirolimo 25 mg/ml
2204,papaina 10 %
1495,hidroquinona + fluocinolona + tretinoina 4 + 0
2660,alfataliglicerase 200 u
882,colecalciferol 3.300 ui/ml
2470,risperidona 0
1044,dimeticona 75 mg/ml
1045,dimeticona 75 mg/ml
1046,dimeticona 75 mg/ml
1047,dimeticona 75 mg/ml
562,carbamazepina 20 mg/ml
470,brimonidina
986,dexpantenol 50 mg/g
1512,hidroxido de magnesio + carbonato de calcio + hidroxido de aluminio 185 + 231
2831,vacina humana
661,cetoprofeno 160 mg
662,cetoprofeno 320 mg
2574,sitagliptina
1281,fexofenadina
1328,fluticasona
1329,fluticasona
2527,saxagliptina 5 mg
2954,everolimo 5 mg
1732,levotiroxina sodica 38 mcg
818,cloreto de potassio 60 mg/ml
2447,riboflavina 200 mg
2245,pelargonium sidoides 825 mg/ml
2246,pelargonium sidoides 825 mg/ml
1361,furazolidona 200 mg
2156,oxicodona
2157,oxicodona
1720,levonorgestrel + etinilestradiol 0
2854,valsartana + anlodipino
684,ciclobenzaprina
1513,hidroxietilamido + cloreto de sodio (200/0
1514,hidroxietilamido + cloreto de sodio (130/0
1122,enfuvirtida 108 mg
1863,metformina
1206,etonogestrel 68 mcg
2679,temozolomida 140 mg
2876,vaselina (petrolato
2877,vaselina (petrolato
2878,vaselina (petrolato
2879,vaselina (petrolato
2880,vaselina (petrolato
1691,levobupivacaina
1272,ferripolimaltose 50 mg/ml
861,clozapina 100 mg
404,betainterferona 1a 22 mcg
405,betainterferona 1a 44 mcg
406,betainterferona 1a 30 mcg
407,betainterferona 1b 9.600.000 ui
994,diazepam 10 mg/ml
2046,nifedipino 60 mg
2581,solucao salina balanceada
2582,solucao salina balanceada
1537,hipromelose + cetrimida 3
2955,itraconazol 10 mg/ml
2173,paclitaxel 6 mg/ml
2174,paclitaxel 6 mg/ml
93,acido tioctico 600 mg
2956,cloreto de sodio 4
282,anlodipino
283,anlodipino
1297,flufenazina
863,cobamamida 5 mg
2281,pimetixeno
2304,piribedil 50 mg
2858,valsartana + hidroclorotiazida 320 + 25 mg
2897,vildagliptina + metformina
2004,nafazolina + mepiramina + pantenol 1 + 0
2005,nafazolina + mepiramina + pantenol 1 + 0
84,acido nicotinico 1000 mg
541,canaquinumabe 150 mg
2222,paracetamol + codeina
1547,ibuprofeno + paracetamol + piridoxina + carisoprodol 400 mg + 400 mg + 50 mg + 200 mg
2111,olmesartana 20 mg
312,aspartato de magnesio + carbonato de calcio + ranitidina + colecalciferol 50 + 500 + 150 mg + 400 ui
85,acido nicotinico 250 mg
69,acido gamaminobutirico + lisina + tiamina + piridoxina + calcio 100 mg + 100 mg + 4 mg + 8 mg + 8 mg/ml
2285,pinaverio
54,acido ascorbico + zinco
1955,mometasona
2339,polimixina b + neomicina + lidocaina + fludrocortisona 10.000 ui/ml + 10 + 1 + 40 mg/ml
2553,sildenafila
1319,fluoxetina
592,carnitina 1 g
599,carvao vegetal ativado
2171,oxomemazina + guaifenesina + benzoato de sodio + paracetamol 0
2172,oxomemazina + guaifenesina + benzoato de sodio + paracetamol 0
1506,hidroxido de aluminio + hidroxido de magnesio 60 + 40 mg/ml
1507,hidroxido de aluminio + hidroxido de magnesio 60 + 40 mg/ml
1721,levonorgestrel + etinilestradiol 50 + 30/75 + 40/125 + 30 mcg
2272,petasites hybridus l. 17
1907,metronidazol + nistatina + cloreto de benzalconico 250 mg + 100.000 ui + 1
1445,glimepirida + metformina
2817,ureia 50 mg/g
197,aloe vera 5 %
2794,triclosana 1 %
2795,triclosana 1 %
1788,losartana potassica + anlodipino
2859,valsartana + hidroclorotiazida 320 + 12
1395,germen de soja 150 mg
57,acido citrico + citrato de sodio + citrato de potassio 70 mg + 98 mg + 108 mg/ml
1650,lactase 3000 ui
2379,prometazina
1580,insulina asparte 100 ui/ml
239,amissulprida 50 mg
225,aminaftona 75 mg
1568,imunoglobulina humana 0
415,betametasona 0
2860,valsartana + hidroclorotiazida + anlodipino 160 + 12
823,cloreto de sodio 0
2862,valsartana + hidroclorotiazida + anlodipino 160 + 25 + 10 mg
1493,hidromorfona 16 mg
872,codergocrina
2052,nimesulida betaciclodextrina 400 mg
2205,papaina 10 %
1234,fenilefrina + tetracaina 1 + 10 mg/ml
1235,fenilefrina + tetracaina 1 + 10 mg/ml
2633,sulfato ferroso 10 mg/ml
1744,lidocaina
1348,formoterol + budesonida 12 + 200 mcg
1444,glimepirida 6 mg
1952,modafinila 100 mg
1953,modafinila 200 mg
569,carbomero + sorbitol 2 + 48
570,carbomero + sorbitol 2 + 48
1023,digoxina
1339,folitropina
1340,folitropina
1341,folitropina
1837,menotropina 75 ui
616,cefalexina 100 mg/ml
2575,sitagliptina
641,celulose natural inerte 500 mg
734,cistina + acido aminobenzoico + pantotenato de calcio + nitrato de tiamina + levedura + queratina 60 + 20 + 60 + 100 + 20 + 20 mg
138,agomelatina 25 mg
2433,retinol + colecalciferol 3000 + 800 ui/ml
2206,papaina 10 %
271,anfepramona
681,ciclesonida 50 mcg/dose
2316,plantago ovata + senna alexandrina
458,bleomicina
2524,salmeterol
71,acido ibandronico (ibandronato de sodio) 1 mg/ml
1587,insulina glargina 100 ui/ml
2462,risedronato sodico 150 mg
571,carbonato de calcio + carbonato de magnesio + carbonato basico bismuto + bicarbonato de sodio 521 + 67 + 3
2797,triexifenidil
761,clemastina
1832,melilotus officinalis (trevo amarelo) 26
2645,sultiamo 50 mg
1273,ferripolimaltose + acido folico 100 + 0
2243,pazopanibe 400 mg
2244,pazopanibe 200 mg
530,cabazitaxel 40 mg/ml
280,anlodipino
491,buclizina
120,acido valproico (valproato de sodio) 500 mg
669,cetrimida + oleos vegetais 2 mg/g
1762,lisado bacteriano 6 mg
1763,lisado bacteriano 7 mg
2226,paricalcitol 5 mcg/ml
1182,estradiol + drospirenona 1 + 2 mg
462,bortezomibe 1 mg
2821,ustequinumabe 90 mg/ml
903,cordia verbenacea dc. 5 mg/g
1265,fentanila
2719,ticagrelor 90 mg
1643,ivabradina
1644,ivabradina
379,benzalconio
1050,diosmina + hesperidina 900 + 100 mg
2899,viminol
240,amissulprida 200 mg
1599,insulina lispro + lispro protamina 50 + 50 %
1600,insulina lispro + lispro protamina 50 + 50 %
2166,oxido de zinco + colecalciferol + retinol 100 + 1000 + 40 mg + ui/g
488,brosimum gaudichaudii 200 mg/g
489,brosimum gaudichaudii 200 mg/g
679,cianocobalamina + tiamina + piridoxina 1 + 100 + 100 mg
1097,drospirenona + etinilestradiol 3 + 0
918,dabigatrana
1945,minociclina
2528,saxagliptina 2
2192,panitumumabe 20 mg/ml
1589,insulina glulisina 100 ui/ml
1171,espironolactona 50 mg
1590,insulina glulisina 100 ui/ml
2439,retinol
2488,roflumilaste 500 mcg
419,betametasona
533,calcio aminoacido quelato 250 mg
2207,papaina 6 %
1342,folitropina
2208,papaina 6 %
1570,indacaterol
1803,manidipino
1539,hypericum perforatum l. 300 mg
2557,silybum marianum (l.) gaertn 100 mg
2605,stryphnodendron barbatiman mart. 60 mg/g
2606,stryphnodendron barbatiman mart. 60 mg/g
397,benzocaina + triclosana + mentol (45 + 5 + 5) mg/g
398,benzocaina + triclosana + mentol (45 + 5 + 5) mg/g
1413,glicinato de magnesio + piridoxina
291,arginina + ornitina + citrulina 185 mg + 60 mg + 5 mg
453,bismuto monobasico
1571,indacaterol
2185,panax ginseng + sulfato ferroso + multivitaminas
1105,echinacea purpurea moench 40 mg/ml
1662,lanreotida 120 mg/ml
2342,pramipexol 1
211,ambrisentana 5 mg
459,boceprevir 200 mg
554,captopril 10 mg/ml
2248,pemetrexede 100 mg
1883,metilprednisolona
542,candesartana + felodipino 0
543,candesartana + felodipino 0
2053,nimotuzumabe 5 mg/ml
1601,insulina lispro + lispro protamina 25 + 75 %
445,bimatoprosta 0
446,bimatoprosta 0
1597,insulina lispro 100 ui/ml
1646,kava-kava (piper methysticum) 234 mg
1184,estradiol
1161,escopolamina
2154,oxibutinina
2155,oxibutinina
2576,solifenacina
2477,rivaroxabana 15 mg
402,betaepoetina 50 mcg
1076,docetaxel 20 mg/ml
1077,docetaxel 20 mg/ml
195,alisquireno
2634,sulfato ferroso (13
2593,somatropina 24 ui
1276,ferro quelato glicinato (30 mg ferro elementar) 150 mg
577,carbonato de calcio + colecalciferol 50 mg + 0
121,acido valproico (valproato de sodio) 100 mg/ml
122,acido valproico (valproato de sodio) 100 mg/ml
123,acido valproico (valproato de sodio) 100 mg/ml
2218,paracetamol + carisoprodol + nimesulide + tizanidina + famotidina + cafeina 350 mg + 150 mg + 200 mg + 2 mg + 40 mg + 50 mg
2219,paracetamol + carisoprodol + nimesulide + tizanidina + famotidina + ciclobenzaprina 350 mg + 150 mg + 200 mg + 2 mg + 40 mg + 10 mg
1799,magnesio
1800,magnesio
124,acido valproico (valproato de sodio) 300 mg
1996,multivitaminas (b1
2844,valeriana officinalis l + humulus lupulus l 250 + 60 mg
1995,multivitaminas (b1
1446,glimepirida + metformina
1764,lisdexanfetamina
1765,lisdexanfetamina
1766,lisdexanfetamina
370,beclometasona
1761,liraglutida 6 mg/ml
568,carbomero + glicerol + acido borico + oleo de ricino
713,ciproeptadina
2348,prasugrel
2349,prasugrel
2446,ribavirina 200 mg
1850,mesalazina 1200 mg
2236,passiflora incarnata + crataegus oxyacantha + salix alba 50 mg + 0
2919,xilazina
2346,pramipexol
2347,pramipexol
1112,eltrombopag olamina 25 mg
1113,eltrombopag olamina 50 mg
904,cranberry (vaccinium macrocarpom) 400 mg
794,cloral
378,benfotiamina 150 mg
2179,paliperidona 100 mg/ml
934,dasatinibe 100 mg
1288,fingolimode
401,betacaroteno 5 mg
2141,oseltamivir
2142,oseltamivir
2819,ureia + alantoina + oleo amendoas doces + lactato amonio 10 + 2 + 8 + 12 %
2143,oseltamivir
2495,rupatadina 10 mg
1756,linagliptina 5 mg
967,dexametasona + neomicina 1 + 5 mg/g
659,cetoprofeno 150 mg
837,cloreto de sodio 17
2669,telaprevir 375 mg
1548,icatibanto
4,abiraterona
2306,piridoxina + acido folico + cianocobalamina 4 + 0
465,brentuximabe vedotina 50 mg
1652,lactase 300 mg
2561,simeticona 75 mg/ml
2322,plerixafor 20 mg/ml
1929,midodrina
1930,midodrina
1931,midodrina
1942,mikania glomerata (guaco) 60 mg/ml
169,alendronato de sodio + colecalciferol 70 mg + 5.600 ui
1450,golimumabe 50 mg
593,carnitina 50 mg/ml
290,arginina 400 mg/ml
394,benzoato de sodio 200 mg/ml
395,benzoato de sodio 200 mg/ml
2754,tobramicina
1605,iodenafila
2693,terconazol 8 mg/g
2658,tafluprosta 15 mcg/ml
196,alisquireno
1187,estradiol
803,cloranfenicol 50 mg/ml
309,asenapina 5 mg
310,asenapina 10 mg
617,cefalexina 1000 mg
1858,metenamina + metiltioninio 120 mg + 20 mg
2332,poliestirenossulfonato de sodio 454 mg
2804,trioxisaleno 10 mg
2883,vemurafenibe 240 mg
2820,ureia + oleo de semente de uva 3 + 5 %
1472,heparina sodica + nicotinato de benzila 50 ui + 2 mg/g
1976,morfina
1893,metoprolol
944,denosumabe 60 mg/ml
529,butoconazol 5 mg/g
63,acido folico + ferro aminoacido quelato 0
2494,rosuvastatina calcica 5 mg
442,bilastina 20 mg
2081,noretisterona + etinilestradiol 2 + 0
1682,levanlodipino
989,dextrocetamina
2818,ureia + acido salicilico 20 + 3 %
1661,lamotrigina 200 mg
516,bumetanida 1 mg
1949,mirtazapina 60 mg
1769,lisinopril + hidroclorotiazida 10 mg + 12
2672,telmisartana + anlodipino 80 + 5 mg
2444,rhamnus purshiana (cascara sagrada) 380 mg
606,cassia angustifolia + tamarindus indica + cassia fistula + coriandrum sativum + glycyrrhiza glabra 400 + 23
2748,tizanidina
350,baclofeno 20 mg
2558,silybum marianum (l.) gaertn 200 mg
607,cassia angustifolia + tamarindus indica + cassia fistula + coriandrum sativum 240 + 11
2395,prucaloprida
1683,levanlodipino
2396,queratina + sene + enxofre sublimado + bitartarato de potassio 200 mg
883,colecalciferol 5.600 ui/ml
884,colecalciferol 5.600 ui/ml
156,albumina humana 10 %
377,bendamustina 100 mg
490,brosimum gaudichaudii 400 mg
2105,oleo de peixe 1100 mg
916,cynara scolymus (alcachofra) 1
914,cynara scolymus (alcachofra) 250 mg
1647,kava-kava (piper methysticum) 20 mg
2958,acetilcisteina + tuaminoeptano 10 mg + 5 mg/ml
2959,acetilcisteina 40 mg/ml
2960,acido acetico 3 %
2961,acido acetico 5 %
2962,acido ascorbico + alfatocoferol + zinco + selenio + retinol 45 mg + 4
2963,acido folico + acetato de racealfatocoferol 800 mcg + 20 mg
2964,acido folico 2 mg
2965,acido folico 5 mg/ml
2966,acido folinico (folinato de calcio) 7
2967,acido gamaminobutirico + lisina + tiamina + piridoxina + calcio 50 mg + 50 mg + 2 mg + 4 mg + 4 mg
2969,acido salicilico 20 mg/g
2970,acido tricloroacetico 30 %
2971,acido tricloroacetico 75 %
3005,bisoprolol
2988,apixabana 5 mg
2974,"alantoina, aloe vera, acidos graxos essenciais, vitamina ""a"" e ""e"""
2975,alcool etilico 70 %
2976,alendronato de sodio + carbonato de calcio + colecalciferol 70 mg + 500 mg + 200 ui
2977,alfaestradiol 0
2978,alfuzosina 10 mg
2979,alprazolam 2 mg
2980,alteplase 10 mg
2981,amburana cearensis (cumaru) 5 %
3007,bromazepam 2
2985,anfotericina b 5 mg/ml
2986,anidulafungina
2987,anlodipino
2816,ureia 100 mg/g
2989,arginina 0
2990,arginina 250 mg/ml
2992,azul de metileno 2 % formulação especialmente manipulada
2993,beclometasona
2994,belimumabe 120 mg
2995,belimumabe 400 mg
2996,benjoim 20 %
2997,benzoato de sodio 100 mg/ml
2998,benzoato de sodio 4/20 g/ml
2999,benzocaina + triclosana + mentol 45 + 5 + 5 mg/g
3000,betagalsidase 35 mg
3001,betametasona
3020,carisoprodol + paracetamol 300 + 100 mg
3241,passiflora incarnata 600 mg
3003,betanecol 10 mg
3004,bisoprolol
1891,metoprolol
3006,brinzolamida
2972,adapaleno 3 mg/g
3008,bryophyllum argento cultum
3009,buprenorfina 10 mg
3010,buprenorfina 20 mg
3011,buprenorfina 5 mg
3013,cafeina 5 mg/ml
3014,calcio tribasico + colecalciferol + cianocobalamina 10 + 0
3015,calcio
3016,calcio
2973,aflibercept 40 mg/ml
3017,canaglifozina 300 mg
3018,carbamida 100 mg/ml
3019,carboximaltose
3021,carmelose sodica + glicerol 5 + 9 mg/ml
3022,carvao vegetal ativado
3023,carvao vegetal ativado 250 mg
3024,cefaclor 500 mg
3026,cetilpiridinio + benzocaina 0
3027,cetirizina
3075,drospirenona + etinilestradiol 3 mg + 0
3029,cetoprofeno 1 mg/ml
3031,chamomilla recutita (l.) - camomila 100 mg
3032,ciclesonida 50 mcg/dose
3044,colecalciferol 1.000 ui
3034,cidreira 8 %
3035,cisteamina 150 mg
3036,claritromicina 25 mg/ml
3037,claritromicina 25 mg/ml
3038,cloreto de sodio 4
3039,codeina + meloxican + paracetamol + ranitidina 40 + 7
3040,codeina 45 mg
1101,dutasterida + tansulosina 0
3055,desloratadina 1
3047,crizotinibe 250 mg
3048,cromoglicato de sodio 2 %
572,carbonato de calcio + colecalciferol 500 mg + 200 ui
3052,dapagliflozina 10 mg
3049,curcuma longa 250 mg (equivalente a 50 mg de curcuminoides)
3050,cynara scolymus (alcachofra) 200 mg
3051,dactinomicina 0
3082,estriol 2 mg
3053,daptomicina 500 mg
3058,dexametasona 0
3059,dexametasona 1 mg/g
3060,dexametasona + cloranfenicol + cloridrato de tetrizolina 0
3061,dextrocetamina
3062,diazoxido 100 mg
3063,diazoxido 25 mg
3064,diazoxido 50 mg/ml
1067,dissulfiram 250 mg
3066,diclofenaco sodico 75 mg
3067,dienogeste 2 mg
3068,diltiazem
3070,dipirona sodica + escopolamina + hiosciamina + homatropina 300 + 6
213,ambroxol
3072,dipirona sodica 300 mg
3074,doxazosina + finasterida 5 mg + 2 mg
3077,eritropoetina humana recombinante 4.000 ui
3078,erlotinibe 100 mg
3081,estradiol 25 mcg
3259,polietilenoglicol (macrogol) 4000 g
3083,estroncio
3084,etoposido 20 mg/ml
3085,etoposido 50 mg
3086,eucalyptus tereticornis + mentha arvensis 8 g + 4 g
3087,everolimo 0
3088,everolimo 1 mg
3089,everolimo 10 mg
3090,everolimo 2
3091,extrato medicinal
3092,extrato medicinal
3093,extrato medicinal
3094,fampridina 10 mg
3096,fenofibrato 160 mg
3097,fenoterol
3099,flucitosina 500 mg
3101,fluoresceina 10 %
3102,fluormetolona 1 mg/ml
3098,fenticonazol
3103,fluticasona
3104,fluticasona
3105,fosfato de sodio monobasico + fosfato de sodio dibasico 0
3106,fosfato tricalcico 38 mg/ml
3107,fosforo quelado medicamentos manipulado
3110,garcinia cambogia roxb. 500 mg
3111,gatifloxacino + prednisolona 3 mg/ml + 10 mg/ml
3112,gefitinibe 250 mg
3113,gentamicina
3114,gentamicina
3115,gentamicina
3116,glipizida 5 mg
3117,glycine max (isoflavona de soja) 100 mg
3118,glycine max (isoflavona de soja) 125 mg
1442,glimepirida 4 mg
3119,haloperidol 2 mg/ml
3079,escitalopram
3121,hialuronato de sodio 1
3137,insulina degludeca 100 ui/ml
3125,hidroxido de aluminio 60 mg/ml
3152,levotiroxina sodica 37
3127,hidroxido de magnesio 85
3129,ibrutinibe 140 mg
3132,idebenona 150 mg
3133,idursulfase 2 mg/ml
3134,ifosfamida 2 g
3135,imiquimode 50 mg/g
3136,imunoglobulina humana 10 g
2951,desogestrel 75 mcg
3138,ipilimumabe 5 mg/ml
3139,ipilimumabe 5 mg/ml
3140,itraconazol 10 mg/ml
3141,itraconazol 20 mg/ml
3142,lacosamida 10 mg/ml
3143,lacosamida 100 mg
3144,laronidase 0
3145,levetiracetam 100 mg/ml
3146,levocetirizina
3147,levodopa + benserazida 100 + 25 mg
3148,levodopa + benserazida 100 + 25 mg
3149,levonorgestrel 30 mcg
3150,levosimendana 2
425,betametasona
3151,levotiroxina sodica 137 mcg
3153,lidocaina
3154,lippia sidoides cham. (alecrim pimenta) 20 %
3155,lisado bacteriano 3
3156,lisinopril + hidroclorotiazida 15 mg + 12
1631,isossorbida
3158,lornoxicam 8 mg
3159,lugol 5 %
3160,malgadrato + dimeticona malgadrato + dimeticona 80 mg/ml + 10 mg/ml
3161,malva santa 20 %
3162,manitol 20 %
3163,medroxiprogesterona
3164,mentha x piperita l. (hortela) 300 mg
3165,mentol + canfora + salicilato de metila + oleo de eucalipto 150 mg + 100 mg + 80 mg + 50 mg/g
3166,mepivacaina
3167,mercaptamina
3168,mesalazina 2 g
3169,metaraminol
3170,metformina
3171,metformina
3172,metila + ess. terebentina + canfora + mentol 0
3173,metila + ess. terebentina + canfora + mentol 0
3174,metilcelulose 2 %
3175,metilcelulose 2 %
3176,metilcelulose 2 %
3179,metoprolol
3180,metoxisaleno 0
3181,metoxisaleno 0
3183,miconazol
3184,mikania glomerata (guaco) 0
3185,mikania glomerata (guaco) 117
3186,mikania glomerata (guaco) 35 mg/ml
3187,mikania glomerata (guaco) 35 mg/ml
3188,mikania glomerata (guaco) 60 mg/ml
3189,minoxidil 10 mg
3192,mitomicina 5 mg
278,anlodipino
3194,mometasona
3195,mometasona
3193,mometasona
3197,mororo 20 %
3198,morus nigra l. - amora 500 mg
3199,multivitaminas + sais minerais
3200,multivitaminas associadas com sais minerais (nutrisus)
3201,"multivitaminas complexo b, a, c, d3, e, k1; associadas com sais minerais zn, se, na + coenzima q10"
3202,myracrodruon urundeuva (aroeira do sertao) 15 %
3203,myracrodruon urundeuva (aroeira do sertao) 7 %
3205,neomicina + clostebol 5 + 5 mg/g
3206,nepafenaco 1 mg/ml
3208,nifedipino 20 mg
3211,nitrendipino 10 mg
3212,nitrendipino 20 mg
3214,oleo de amendoim + colecalciferol + tocoferol 200 ui
3215,oleo de calendula + oleo de lavanda + oleo de alecrim + oleo de camomila + vitaminas a e e
3216,oleo de linhaca 1000 mg
3157,lisinopril 10 mg
3217,oleo de peixe 1000 mg
3218,olmesartana
3219,omeprazol magnesio 41
3220,otilonio
3221,oxibutinina
3178,metoclopramida
3222,oxibutinina
3223,oxicodona
3224,oxido de zinco + colecalciferol + retinol 100 + 1000 + 40 mg + ui/g
3225,oxido de zinco 200 mg/g
2502,saccharomyces cerevisiae 50 milhões/ ml
3226,paliperidona 1
3227,paliperidona 100 mg/ml
3228,paliperidona 100 mg/ml
3229,paliperidona 100 mg/ml
3230,pancuronio
3231,pantoprazol magnesio 40 mg
3232,papaina 10 %
3233,papaina 2 %
3234,papaina 2 %
3235,paracetamol + amitriptilina + meloxicam
3236,paracetamol + amitriptilina + ciclobenzaprina + meloxicam
3238,paracetamol + meloxicam + ciclobenzaprina
3239,paroxetina
3242,pasta d'agua
3243,pasta d'agua
3244,pegvisomanto 10 mg
3255,pitavastatina calcica 2 mg
3245,pegvisomanto 15 mg
3246,peroxido de hidrogenio (agua oxigenada 10 vol) 3 %
3247,pertuzumabe 30 mg/ml
3248,pimecrolimo 10 mg/g
3249,pindolol 10 mg
3250,pindolol 5 mg
3251,pinus pinaster 50 mg
3252,pirenoxina sodica 0
3253,piridoxina
3254,pirimetamina 5 mg/ml
3256,pizotifeno 0
3257,podofilina 20 %
3258,podofilina 25 %
3237,paracetamol + carisoprodol + cafeina 350 + 150 + 50 mg
3261,polivitaminico + poliminerais + lisina
3262,posaconazol 40 mg/ml
3263,praziquantel 500 mg
3264,primidona 250 mg
3265,progesterona 80 mg/g
3266,propofol 10 mg/ml
3268,ramipril + anlodipino
3269,ramipril + hidroclorotiazida 5 mg + 12
3270,retinol + colecalciferol 5.500 + 2.200 ui/ml
3271,retinol + piridoxina + racealfatocoferol 5.000 ui + 100 mg + 300 mg
3272,retinol + colecalciferol + acetato de tocoferol + acido ascorbico + tiamina + riboflavina + nicotinamida + cloridrato de piridoxina + acido folico + cianocobalamina + ferro + zinco + calcio 2664 + 400 + 10 ui + 70 + 3 + 3
3273,retinol
3274,rigotina 13
3275,riluzol 50 mg
3277,risperidona 0
3278,risperidona 0
3279,romiplostim 250 mcg
3280,rosmarinus officinalis (alecrim) 20 %
2750,tobramicina 3 mg/g
3282,schinus terebenthifolius (aroeira) 7 %
3283,senna alexandrina mill. 50 mg
3284,sertralina
3285,sildenafila 20 mg/ml
3286,silybum marianum (l.) gaertn 64/5 mg/ml
3287,simeprevir 150 mg
3288,sofosbuvir 400 mg
3289,solucao oftalmica polietilenoglicol
3293,sucralfato 200 mg/ml
3294,sulfadiazina 150 mg/ml
3295,sulfadiazina de prata + nitrato de cerio 1 + 0
3297,symphitum sp l. (confrei) 5 %
3298,symphitum sp l. (confrei) 5 %
3299,symphitum sp l. (confrei) 5 %
3301,telmisartana + anlodipino 40 + 5 mg
3302,testosterona
3303,tianfenicol 500 mg
3304,tiocolchicosideo 4 mg
3305,tobramicina
3306,tramadol + famotidina + paracetamol 20 mg + 20 mg + 400 mg
7,acebrofilina 5 mg/ml
3308,tranilcipromina
3309,trastuzumabe
3310,trastuzumabe
3311,trastuzumabe
3337,zinco
3312,triptorrelina
3313,ubgalato de bismuto + oxido de zinco 1
3314,ubidecarenona (coenzima q10) 200 mg
3315,ubidecarenona (coenzima q10) 300 mg
3316,uncaria tomentosa (unha de gato) 300 mg
3317,uncaria tomentosa (unha de gato) 450 mg
3318,ureia 200 mg/g
3319,vacina adsorvida difteria
3321,vacina humana
3322,vacina humana
3326,valerato de estradiol + dienogeste 8 mg + 5 mg 28 comprimidos
3327,valeriana officinalis
3328,vaselina (petrolato
3329,vinorelbina
3330,vinorelbina
3331,violeta de genciana 2 % formulação especialmente manipulada
3332,vitaminas do complexo b
3334,xarope de chamba especialmente manipulado 5 %
2560,simeticona 75 mg/ml
2378,prometazina
3338,zuclopentixol 25 mg
3335,zidovudina 10 mg/ml
1185,estradiol
95,acido tranexamico 50 mg/ml
3307,tramadol
2050,nimesulida 10 mg/ml
1826,medroxiprogesterona
1820,meclizina 25 mg
1274,ferro quelato glicinato 300 mg
1059,dipirona + prometazina + adifenina 750 + 25 + 25 mg
961,dexametasona 0
1504,hidroxido de aluminio + hidroxido de magnesio 200 + 200 mg
1654,lactulose 667 mg/ml
1192,estrogenios conjugados 0
2983,amoxicilina + clavulanato de potassio 25 mg + 6
2051,nimesulida 200 mg
3296,sumatriptana 25 mg
1244,fenobarbital 100 mg
422,betametasona
1509,hidroxido de aluminio + hidroxido de magnesio + dimeticona 40 + 30 + 5 mg/ml
2501,saccharomyces boulardii - 17 200 mg
650,cetoconazol 2 %
2535,secnidazol 30 mg/ml
1068,divalproato de sodio 250 mg
1322,fluticasona
1664,lansoprazol 30 mg
214,ambroxol
3069,dipirona sodica + escopolamina + hiosciamina + homatropina 300 mg + 6
2531,schinus terebinthifolius (aroeira) 0
2408,racecadotrila 100 mg
2215,paracetamol 750 mg
1787,losartana potassica 100 mg
1088,doxazosina
856,clotrimazol + dexametasona 10 mg + 0
970,dexametasona
711,cinarizina 25 mg
1036,dimenidrinato 100 mg
3025,cefalexina 25 mg/ml
654,cetoconazol + betametasona + neomicina 20 + 0
2421,ranitidina
2774,tramadol
950,desloratadina 0
53,acido ascorbico 500 mg
2355,prednisolona 3 mg/ml
973,dexametasona
1155,escitalopram
383,benzilpenicilina benzatina 1.200.000 ui
1511,hidroxido de magnesio 80 mg/ml
3204,naproxeno + esomeprazol magnesio tri-hidratado 500 mg + 20 mg
2842,valaciclovir
639,celecoxibe 200 mg
2786,trazodona
202,alprazolam 0
3333,vortioxetina
786,clonazepam 0
651,cetoconazol 2 %
2374,promestrieno 10 mg/g
1821,meclizina 50 mg
1119,noretisterona
1702,levodopa + carbidopa 250 + 25 mg
1467,hedera helix - extrato seco 7 mg/ml
3336,zinco
215,ambroxol
1670,leflunomida 20 mg
2799,trifluoperazina
1508,hidroxido de aluminio + hidroxido de magnesio 60 + 40 mg/ml
2763,topiramato 100 mg
384,benzilpenicilina benzatina 600.000 ui
653,cetoconazol + betametasona 0
603,carvedilol 25 mg
3043,colecalciferol (vitamina d3) 7.000 ui
2402,quetiapina
2640,sulfato ferroso (60 mg de ferro elementar) 300 mg
3260,polivitaminico + poliminerais + lisina
984,dexpantenol 50 mg/g
3002,betametasona
483,bromoprida 4 mg/ml
1492,hidrocortisona
1889,metoclopramida
256,amoxicilina + clavulanato de potassio 50 mg + 12
2257,periciazina 4 %
408,betaistina
714,ciprofibrato 100 mg
2856,valsartana + hidroclorotiazida 160 + 12
410,betaistina
1739,lidocaina
1555,imipramina
3131,ibuprofeno 300 mg
3123,hidrocortisona
583,carbonato de litio 450 mg
1369,gabapentina 300 mg
1459,haloperidol 2 mg/ml
1888,metoclopramida
1099,duloxetina
1473,hexamidina
2465,risperidona 3 mg
1628,isoniazida + rifampicina 75 + 150 mg
656,cetoprofeno 20 mg/ml
2729,tinidazol + miconazol
251,amoxicilina 50 mg/ml
834,cloreto de sodio 0
1486,hidrocortisona 10 mg/g
2344,pramipexol
1591,insulina humana nph 100 ui/ml
16,acetilcisteina 20 mg/ml
1785,losartana potassica 50 mg
719,ciprofloxacino
492,budesonida 50 mcg/dose
1519,hidroxizina
2788,tretinoina 0
1921,midazolam
2559,simeticona 40 mg
1163,escopolamina
212,ambroxol
495,budesonida 50 mcg/dose
3045,colecalciferol 2.000 ui/ml
648,cetoconazol 2 %
2503,saccharomyces cerevisiae 100 milhões/ ml
476,bromazepam 6 mg
2703,tetraciclina
1315,fluoxetina
409,betaistina
2235,passiflora incarnata + crataegus oxyacantha + salix alba 100 mg + 30 mg + 100 mg
1256,fenoximetilpenicilina potassica 500.000 ui
997,diclofenaco potassico 50 mg
2492,rosuvastatina calcica 20 mg
1478,hialuronidase + betametasona
2702,tetraciclina
1002,diclofenaco sodico 25 mg/ml
2343,pramipexol
2532,secnidazol 1.000 mg
258,amoxicilina + clavulanato de potassio 80 mg + 11
2556,silimarina + metionina 70 + 100 mg
1078,domperidona 10 mg
1902,metronidazol 250 mg
1714,levomepromazina
1344,formoterol + budesonida 12 + 400 mcg
2793,triancinolona
1190,estriol 1 mg/g
2056,nistatina 100.000 ui/ml
2761,topiramato 25 mg
2497,sacarato de hidroxido ferrico 20 mg/ml
58,acido folico 5 mg
2401,quetiapina
2088,nortriptilina
2227,paroxetina
1098,duloxetina
2070,nitrofurantoina 100 mg
1867,metildopa 500 mg
602,carvedilol 3
2233,passiflora incarnata 360 mg
839,clorexidina
849,clortalidona 25 mg
998,diclofenaco potassico 25 mg/ml
1049,diosmina + hesperidina 450 + 50 mg
1373,galantamina
993,diazepam 10 mg
785,clonazepam 2
1543,ibuprofeno 50 mg/ml
2399,quetiapina
3057,dexametasona 0
21,acetilcisteina 40 mg/ml
964,dexametasona 4 mg
416,betametasona
2728,tinidazol + miconazol
1642,itraconazol 100 mg
1356,fosfomicina trometamol 3 g
2663,tansulosina
204,alprazolam 0
3042,colecalciferol (vitamina d3) 50.000 ui
1544,ibuprofeno 100 mg/ml
2627,sulfametoxazol + trimetoprima 40 + 8 mg/ml
1836,memantina
2255,periciazina 10 mg
3030,cetoprofeno 25 mg/g
1089,doxiciclina 100 mg
487,bronfeniramina
2491,rosuvastatina calcica 10 mg
3210,nimodipino 30 mg
683,ciclobenzaprina
455,bisoprolol
2626,sulfametoxazol + trimetoprima 800 + 160 mg
116,acido valproico (valproato de sodio) 500 mg
2082,norfloxacino 400 mg
783,clonazepam 0
2376,prometazina
2148,oxcarbazepina 6 %
243,amitriptilina
600,carvedilol 12
2733,tioconazol + tinidazol 20 + 30 mg/g
1862,metformina
287,anlodipino
558,carbamazepina 20 mg/ml
2388,propranolol
166,alendronato de sodio 70 mg
3071,dipirona sodica 1 g
2982,amitriptilina
551,captopril 25 mg
2486,rizatriptana
246,amoxicilina 500 mg
1905,metronidazol 100 mg/g
1660,lamotrigina 50 mg
2767,tramadol
956,desvenlafaxina
1115,enalapril
1153,escitalopram
2366,pregabalina 75 mg
277,anlodipino
556,carbamazepina 400 mg
860,clozapina 25 mg
1314,fluoxetina
682,ciclobenzaprina
1414,glicinato ferrico 250 mg/ml
2062,nistatina + oxido de zinco 100.000 + 200 ui + mg/g
24,aciclovir 200 mg
1834,meloxicam 15 mg
2221,paracetamol + codeina
1919,miconazol
526,bupropiona
972,dexametasona
276,anlodipino
3080,escitalopram
1160,escopolamina
2124,omeprazol 40 mg
70,acido ibandronico (ibandronato de sodio) 150 mg
257,amoxicilina + clavulanato de potassio 875 mg + 125 mg
1784,lorazepam 2 mg
2118,olmesartana + hidroclorotiazida 20 + 12
1060,dipirona sodica 500 mg
3340,celecoxibe 100 mg
486,bronfeniramina
448,biperideno
2017,naproxeno sodico 500 mg
1982,moxifloxacino
420,betametasona
411,betametasona 4 mg/ml
1154,escitalopram
1914,miconazol
2500,saccharomyces boulardii - 17 200 mg
1517,hidroxizina
475,bromazepam 3 mg
3182,metronidazol 100 mg/g
1082,donepezila 10 mg
1247,fenobarbital 40 mg/ml
2101,olanzapina 5 mg
1081,donepezila 5 mg
3292,succinato de sumatriptano 50 mg
3339,celecoxibe 200 mg
317,atenolol 25 mg
250,amoxicilina 50 mg/ml
611,cefalexina 500 mg
338,azitromicina 500 mg
151,albendazol 40 mg/ml
1362,furosemida 40 mg
2984,amoxicilina + clavulanato de potassio 40 + 5
1374,galantamina
2512,salbutamol
1320,flurazepam 30 mg
2539,sertralina
421,betametasona
1946,mirtazapina 30 mg
843,clorpromazina
1898,metotrexato 2
1573,indapamida 1
791,clopidogrel
1116,enalapril
2102,olanzapina 10 mg
2313,piroxicam 20 mg
2785,trazodona
1458,haloperidol 2 mg/ml
2476,rivaroxabana 20 mg
1593,insulina humana regular 100 ui/ml
3041,colecalciferol (vitamina d3) 5.000 ui
2150,oxcarbazepina 300 mg
2630,sulfametoxazol + trimetoprima 40 mg/ml + 8 mg/ml
342,azitromicina 40 mg/ml
205,alprazolam 2 mg
2026,neomicina + bacitracina 5 + 250 mg + ui/g
2329,policresuleno + cinchocaina
1317,fluoxetina
3126,hidroxido de aluminio 60 mg/ml
2910,vitaminas do complexo b (b1
980,dexclorfeniramina
456,bisoprolol
117,acido valproico (valproato de sodio) 50 mg/ml
2234,passiflora incarnata 300 mg
1345,formoterol + budesonida 6 + 200 mcg
1948,mirtazapina 15 mg
318,atenolol 50 mg
1545,ibuprofeno 100 mg/ml
2463,risperidona 2 mg
2193,pantoprazol 40 mg
1061,dipirona sodica 500 mg/ml
1592,insulina humana nph 100 ui/ml
715,ciprofloxacino + dexametasona 3
2887,venlafaxina
525,bupropiona
557,carbamazepina 200 mg
2637,sulfato ferroso (40 mg de ferro elementar) 109 mg
18,acetilcisteina 600 mg
3046,complexo b (b1
2400,quetiapina
1715,levomepromazina
241,amitriptilina
1164,escopolamina
1496,hidroxicloroquina 400 mg
2365,prednisona 20 mg
2123,omeprazol 20 mg
2932,ibuprofeno 600 mg
1776,loratadina 10 mg
1978,moxifloxacino
2540,sertralina
2511,salbutamol
2615,sulfadiazina de prata 1 %
335,azatioprina 50 mg
1051,diosmina + hesperidina 900 + 100 mg
500,budesonida 100 mcg/dose
703,cilostazol 50 mg
29,aciclovir 5 %
2625,sulfametoxazol + trimetoprima 400 + 80 mg
1114,enalapril
844,clorpromazina
2337,polimixina b + neomicina + fluocinolona + lidocaina 10.000 ui + 3
2000,"multivitaminas(a, 1, 2, 5, 6, 12, p, , , , ); associadas com sais minerais (ca, e, , g, n, u, n, o, )"
2043,nifedipino 20 mg
114,acido valproico (valproato de sodio) 250 mg
249,amoxicilina 50 mg/ml
1405,glibenclamida 5 mg
1860,metformina
2566,sinvastatina 20 mg
2542,sertralina
982,dexclorfeniramina
2048,nimesulida 100 mg
1482,hidroclorotiazida 25 mg
2505,sais para reidratacao oral (nacl 3
2629,sulfametoxazol + trimetoprima 40 + 8 mg/ml
2466,risperidona 1 mg/ml
485,bronfeniramina
2635,sulfato ferroso (25 mg/ml de ferro elementar) 125 mg/ml
